"","matrix.data...NA..ncol...1..nrow...numHist.","startDate","location","alphaOrientation","betaOrientation","gamaOrientation","xOffset","yOffset","zOffset","geomType","type","namedLocationOffset","geometry","propertyValues","latitude","longitude","elevation","utmCoordinates","domain","site","endDate"
"1",NA,"2010-01-01T00:00:00.000Z","0.00.00.00.00.00.0Gauge31.184589-84.43884226.49617172249.4614012953455156.00168149N2018-01-30T19:00:10.284Z2010-01-01T00:00:00.000Z11457887Country of collectionTfalsefalsefalseUSA2018-01-30T19:00:10.282Z2010-01-01T00:00:00.000Z11457888State or province where data was collectedTfalsefalsefalseGA2018-01-30T19:00:10.281Z2010-01-01T00:00:00.000Z11457890The estimate of the range of variation, in meters, around provided value for elevation with repeated measurements.Nfalsefalsefalse0.012018-01-30T19:00:10.282Z2010-01-01T00:00:00.000Z11457889County where data was collectedTfalsefalsefalseBaker2018-01-30T19:00:10.284Z2010-01-01T00:00:00.000Z11457894Model used to measure horizontal position on the earthTfalsefalsefalseWGS852018-01-30T19:00:10.281Z2010-01-01T00:00:00.000Z11457893The method used to collect or create spatial informationTfalsefalsefalseAIS Survey2018-01-30T19:00:10.281Z2010-01-01T00:00:00.000Z11457891The horizontal distance (in meters) from the given decimalLatitude and decimalLongitude describing the smallest circle containing the whole of the LocationNfalsefalsefalse0.052018-01-30T19:00:10.284Z2010-01-01T00:00:00.000Z11457892UTM latitudinal grid zoneTfalsetruefalse17N","0.0","0.0","0.0","0.0","0.0","0.0","","","Gauge","31.184589-84.43884226.49617172249.4614012953455156.00168149N","2018-01-30T19:00:10.284Z2010-01-01T00:00:00.000Z11457887Country of collectionTfalsefalsefalseUSA2018-01-30T19:00:10.282Z2010-01-01T00:00:00.000Z11457888State or province where data was collectedTfalsefalsefalseGA2018-01-30T19:00:10.281Z2010-01-01T00:00:00.000Z11457890The estimate of the range of variation, in meters, around provided value for elevation with repeated measurements.Nfalsefalsefalse0.012018-01-30T19:00:10.282Z2010-01-01T00:00:00.000Z11457889County where data was collectedTfalsefalsefalseBaker2018-01-30T19:00:10.284Z2010-01-01T00:00:00.000Z11457894Model used to measure horizontal position on the earthTfalsefalsefalseWGS852018-01-30T19:00:10.281Z2010-01-01T00:00:00.000Z11457893The method used to collect or create spatial informationTfalsefalsefalseAIS Survey2018-01-30T19:00:10.281Z2010-01-01T00:00:00.000Z11457891The horizontal distance (in meters) from the given decimalLatitude and decimalLongitude describing the smallest circle containing the whole of the LocationNfalsefalsefalse0.052018-01-30T19:00:10.284Z2010-01-01T00:00:00.000Z11457892UTM latitudinal grid zoneTfalsetruefalse17N","31.184589","-84.438842","26.496","17172249.4614012953455156.00168149N","D03","FLNT",NA
"2",NA,"2010-01-01T00:00:00.000Z","0.00.00.00.00.00.0Gauge32.961591-87.40820273.58116461850.8235298893647102.87049947N2018-03-22T16:53:22.260Z2010-01-01T00:00:00.000Z11499849State or province where data was collectedTfalsefalsefalseAL2018-03-22T16:53:22.258Z2010-01-01T00:00:00.000Z11499853UTM latitudinal grid zoneTfalsetruefalse16N2018-03-27T20:01:36.125Z2010-01-01T00:00:00.000Z11499852The horizontal distance (in meters) from the given decimalLatitude and decimalLongitude describing the smallest circle containing the whole of the LocationNfalsefalsefalse202018-03-22T16:53:22.258Z2010-01-01T00:00:00.000Z11499855Model used to measure horizontal position on the earthTfalsefalsefalseWGS842018-03-27T20:01:36.125Z2010-01-01T00:00:00.000Z11499851The estimate of the range of variation, in meters, around provided value for elevation with repeated measurements.Nfalsefalsefalse102018-03-22T16:53:22.260Z2010-01-01T00:00:00.000Z11499848Country of collectionTfalsefalsefalseUSA2018-03-22T16:53:22.257Z2010-01-01T00:00:00.000Z11499854The method used to collect or create spatial informationTfalsefalsefalseAIS_SURVEY2018-03-22T16:53:22.258Z2010-01-01T00:00:00.000Z11499850County where data was collectedTfalsefalsefalseBibb","0.0","0.0","0.0","0.0","0.0","0.0","","","Gauge","32.961591-87.40820273.58116461850.8235298893647102.87049947N","2018-03-22T16:53:22.260Z2010-01-01T00:00:00.000Z11499849State or province where data was collectedTfalsefalsefalseAL2018-03-22T16:53:22.258Z2010-01-01T00:00:00.000Z11499853UTM latitudinal grid zoneTfalsetruefalse16N2018-03-27T20:01:36.125Z2010-01-01T00:00:00.000Z11499852The horizontal distance (in meters) from the given decimalLatitude and decimalLongitude describing the smallest circle containing the whole of the LocationNfalsefalsefalse202018-03-22T16:53:22.258Z2010-01-01T00:00:00.000Z11499855Model used to measure horizontal position on the earthTfalsefalsefalseWGS842018-03-27T20:01:36.125Z2010-01-01T00:00:00.000Z11499851The estimate of the range of variation, in meters, around provided value for elevation with repeated measurements.Nfalsefalsefalse102018-03-22T16:53:22.260Z2010-01-01T00:00:00.000Z11499848Country of collectionTfalsefalsefalseUSA2018-03-22T16:53:22.257Z2010-01-01T00:00:00.000Z11499854The method used to collect or create spatial informationTfalsefalsefalseAIS_SURVEY2018-03-22T16:53:22.258Z2010-01-01T00:00:00.000Z11499850County where data was collectedTfalsefalsefalseBibb","32.961591","-87.408202","73.581","16461850.8235298893647102.87049947N","D08","MAYF","2015-05-25T23:59:59.999Z"
"3",NA,"2010-01-01T00:00:00.000Z","0.00.00.00.00.00.0Gauge33.378374-97.783569253.05214613149.7885221263693895.67558158N2018-03-22T16:40:37.916Z2010-01-01T00:00:00.000Z11499841State or province where data was collectedTfalsefalsefalseTX2018-03-22T16:40:37.916Z2010-01-01T00:00:00.000Z11499842County where data was collectedTfalsefalsefalseWise2018-03-27T20:27:52.960Z2010-01-01T00:00:00.000Z11499844The estimate of the range of variation, in meters, around provided value for elevation with repeated measurements.Nfalsefalsefalse102018-03-22T16:40:37.916Z2010-01-01T00:00:00.000Z11499847Model used to measure horizontal position on the earthTfalsefalsefalseWGS842018-03-22T16:40:37.915Z2010-01-01T00:00:00.000Z11499840Country of collectionTfalsefalsefalseUSA2018-03-22T16:40:37.915Z2010-01-01T00:00:00.000Z11499846The method used to collect or create spatial informationTfalsefalsefalseAIS_SURVEY2018-03-27T20:27:52.960Z2010-01-01T00:00:00.000Z11499843The horizontal distance (in meters) from the given decimalLatitude and decimalLongitude describing the smallest circle containing the whole of the LocationNfalsefalsefalse202018-03-22T16:40:37.915Z2010-01-01T00:00:00.000Z11499845UTM latitudinal grid zoneTfalsetruefalse14N","0.0","0.0","0.0","0.0","0.0","0.0","","","Gauge","33.378374-97.783569253.05214613149.7885221263693895.67558158N","2018-03-22T16:40:37.916Z2010-01-01T00:00:00.000Z11499841State or province where data was collectedTfalsefalsefalseTX2018-03-22T16:40:37.916Z2010-01-01T00:00:00.000Z11499842County where data was collectedTfalsefalsefalseWise2018-03-27T20:27:52.960Z2010-01-01T00:00:00.000Z11499844The estimate of the range of variation, in meters, around provided value for elevation with repeated measurements.Nfalsefalsefalse102018-03-22T16:40:37.916Z2010-01-01T00:00:00.000Z11499847Model used to measure horizontal position on the earthTfalsefalsefalseWGS842018-03-22T16:40:37.915Z2010-01-01T00:00:00.000Z11499840Country of collectionTfalsefalsefalseUSA2018-03-22T16:40:37.915Z2010-01-01T00:00:00.000Z11499846The method used to collect or create spatial informationTfalsefalsefalseAIS_SURVEY2018-03-27T20:27:52.960Z2010-01-01T00:00:00.000Z11499843The horizontal distance (in meters) from the given decimalLatitude and decimalLongitude describing the smallest circle containing the whole of the LocationNfalsefalsefalse202018-03-22T16:40:37.915Z2010-01-01T00:00:00.000Z11499845UTM latitudinal grid zoneTfalsetruefalse14N","33.378374","-97.783569","253.052","14613149.7885221263693895.67558158N","D11","PRIN","2018-06-26T23:59:59.999Z"
"4",NA,"2010-01-01T00:00:00.000Z","0.00.00.00.00.00.0Gauge35.692192-83.504433537.77817273384.2948560823952699.58884355N2017-12-04T22:19:40.889Z2010-01-01T00:00:00.000Z11383371State or province where data was collectedTfalsefalsefalseTN2017-12-04T22:19:40.889Z2010-01-01T00:00:00.000Z11383373The estimate of the range of variation, in meters, around provided value for elevation with repeated measurements.Nfalsefalsefalse0.012017-12-04T22:19:40.891Z2010-01-01T00:00:00.000Z11383376Model used to measure horizontal position on the earthTfalsefalsefalseWGS842017-12-04T22:19:40.891Z2010-01-01T00:00:00.000Z11383375The horizontal distance (in meters) from the given decimalLatitude and decimalLongitude describing the smallest circle containing the whole of the LocationNfalsefalsefalse0.052017-12-04T22:19:40.891Z2010-01-01T00:00:00.000Z11383377The method used to collect or create spatial informationTfalsefalsefalseAIS_Survey2017-12-04T22:19:40.891Z2010-01-01T00:00:00.000Z11383370Country of collectionTfalsefalsefalseUSA2017-12-04T22:19:40.889Z2010-01-01T00:00:00.000Z11383372County where data was collectedTfalsefalsefalseSevier2017-12-04T22:19:40.889Z2010-01-01T00:00:00.000Z11383374UTM latitudinal grid zoneTfalsetruefalse17N","0.0","0.0","0.0","0.0","0.0","0.0","","","Gauge","35.692192-83.504433537.77817273384.2948560823952699.58884355N","2017-12-04T22:19:40.889Z2010-01-01T00:00:00.000Z11383371State or province where data was collectedTfalsefalsefalseTN2017-12-04T22:19:40.889Z2010-01-01T00:00:00.000Z11383373The estimate of the range of variation, in meters, around provided value for elevation with repeated measurements.Nfalsefalsefalse0.012017-12-04T22:19:40.891Z2010-01-01T00:00:00.000Z11383376Model used to measure horizontal position on the earthTfalsefalsefalseWGS842017-12-04T22:19:40.891Z2010-01-01T00:00:00.000Z11383375The horizontal distance (in meters) from the given decimalLatitude and decimalLongitude describing the smallest circle containing the whole of the LocationNfalsefalsefalse0.052017-12-04T22:19:40.891Z2010-01-01T00:00:00.000Z11383377The method used to collect or create spatial informationTfalsefalsefalseAIS_Survey2017-12-04T22:19:40.891Z2010-01-01T00:00:00.000Z11383370Country of collectionTfalsefalsefalseUSA2017-12-04T22:19:40.889Z2010-01-01T00:00:00.000Z11383372County where data was collectedTfalsefalsefalseSevier2017-12-04T22:19:40.889Z2010-01-01T00:00:00.000Z11383374UTM latitudinal grid zoneTfalsetruefalse17N","35.692192","-83.504433","537.778","17273384.2948560823952699.58884355N","D07","LECO",NA
"5",NA,"2010-01-01T00:00:00.000Z","0.00.00.00.00.00.0Gauge38.947279-96.443882372.52914721518.4748526464314033.35613352N2018-02-01T18:49:11.057Z2010-01-01T00:00:00.000Z11459203State or province where data was collectedTfalsefalsefalseKS2018-02-01T18:49:11.045Z2010-01-01T00:00:00.000Z11459202Country of collectionTfalsefalsefalseUSA2018-02-01T18:49:11.054Z2010-01-01T00:00:00.000Z11459206UTM latitudinal grid zoneTfalsetruefalse14N2018-03-27T19:29:52.714Z2010-01-01T00:00:00.000Z11459207The horizontal distance (in meters) from the given decimalLatitude and decimalLongitude describing the smallest circle containing the whole of the LocationNfalsefalsefalse202018-02-01T18:49:11.041Z2010-01-01T00:00:00.000Z11459208Model used to measure horizontal position on the earthTfalsefalsefalseWGS842018-02-01T18:49:11.049Z2010-01-01T00:00:00.000Z11459209The method used to collect or create spatial informationTfalsefalsefalseAIS_Survey2018-03-27T19:29:52.714Z2010-01-01T00:00:00.000Z11459205The estimate of the range of variation, in meters, around provided value for elevation with repeated measurements.Nfalsefalsefalse102018-02-01T18:49:11.045Z2010-01-01T00:00:00.000Z11459204County where data was collectedTfalsefalsefalseWabaunsee","0.0","0.0","0.0","0.0","0.0","0.0","","","Gauge","38.947279-96.443882372.52914721518.4748526464314033.35613352N","2018-02-01T18:49:11.057Z2010-01-01T00:00:00.000Z11459203State or province where data was collectedTfalsefalsefalseKS2018-02-01T18:49:11.045Z2010-01-01T00:00:00.000Z11459202Country of collectionTfalsefalsefalseUSA2018-02-01T18:49:11.054Z2010-01-01T00:00:00.000Z11459206UTM latitudinal grid zoneTfalsetruefalse14N2018-03-27T19:29:52.714Z2010-01-01T00:00:00.000Z11459207The horizontal distance (in meters) from the given decimalLatitude and decimalLongitude describing the smallest circle containing the whole of the LocationNfalsefalsefalse202018-02-01T18:49:11.041Z2010-01-01T00:00:00.000Z11459208Model used to measure horizontal position on the earthTfalsefalsefalseWGS842018-02-01T18:49:11.049Z2010-01-01T00:00:00.000Z11459209The method used to collect or create spatial informationTfalsefalsefalseAIS_Survey2018-03-27T19:29:52.714Z2010-01-01T00:00:00.000Z11459205The estimate of the range of variation, in meters, around provided value for elevation with repeated measurements.Nfalsefalsefalse102018-02-01T18:49:11.045Z2010-01-01T00:00:00.000Z11459204County where data was collectedTfalsefalsefalseWabaunsee","38.947279","-96.443882","372.529","14721518.4748526464314033.35613352N","D06","MCDI","2016-05-11T23:59:59.999Z"
"6",NA,"2010-01-01T00:00:00.000Z","0.00.00.00.00.00.0Gauge39.095592-77.983081125.1218242013.6214212694331621.94742608N2017-10-30T13:44:50.776Z2010-01-01T00:00:00.000Z11330368State or province where data was collectedTfalsefalsefalseVA2017-10-30T13:44:50.776Z2010-01-01T00:00:00.000Z11330372Model used to measure horizontal position on the earthTfalsefalsefalseWGS842017-06-01T21:47:16.076Z2010-01-01T00:00:00.000Z10627118UTM latitudinal grid zoneTfalsetruefalse18N2017-09-14T21:13:55.022Z2010-01-01T00:00:00.000Z11301856The estimate of the range of variation, in meters, around provided value for elevation with repeated measurements.Nfalsefalsefalse0.012017-10-30T13:44:50.776Z2010-01-01T00:00:00.000Z11330370County where data was collectedTfalsefalsefalseClarke2017-10-30T13:44:50.779Z2010-01-01T00:00:00.000Z11301857The horizontal distance (in meters) from the given decimalLatitude and decimalLongitude describing the smallest circle containing the whole of the LocationNfalsefalsefalse0.052017-10-30T13:44:50.776Z2010-01-01T00:00:00.000Z11330366Country of collectionTfalsefalsefalseUSA2017-06-01T21:47:16.075Z2010-01-01T00:00:00.000Z10627117The method used to collect or create spatial informationTfalsefalsefalseAIS Survey","0.0","0.0","0.0","0.0","0.0","0.0","","","Gauge","39.095592-77.983081125.1218242013.6214212694331621.94742608N","2017-10-30T13:44:50.776Z2010-01-01T00:00:00.000Z11330368State or province where data was collectedTfalsefalsefalseVA2017-10-30T13:44:50.776Z2010-01-01T00:00:00.000Z11330372Model used to measure horizontal position on the earthTfalsefalsefalseWGS842017-06-01T21:47:16.076Z2010-01-01T00:00:00.000Z10627118UTM latitudinal grid zoneTfalsetruefalse18N2017-09-14T21:13:55.022Z2010-01-01T00:00:00.000Z11301856The estimate of the range of variation, in meters, around provided value for elevation with repeated measurements.Nfalsefalsefalse0.012017-10-30T13:44:50.776Z2010-01-01T00:00:00.000Z11330370County where data was collectedTfalsefalsefalseClarke2017-10-30T13:44:50.779Z2010-01-01T00:00:00.000Z11301857The horizontal distance (in meters) from the given decimalLatitude and decimalLongitude describing the smallest circle containing the whole of the LocationNfalsefalsefalse0.052017-10-30T13:44:50.776Z2010-01-01T00:00:00.000Z11330366Country of collectionTfalsefalsefalseUSA2017-06-01T21:47:16.075Z2010-01-01T00:00:00.000Z10627117The method used to collect or create spatial informationTfalsefalsefalseAIS Survey","39.095592","-77.983081","125.12","18242013.6214212694331621.94742608N","D02","LEWI",NA
"7",NA,"2010-01-01T00:00:00.000Z","0.00.00.00.00.00.0Gauge40.034958-105.5444153023.29213453552.4834939944431779.17498324N2017-12-04T17:14:03.525Z2010-01-01T00:00:00.000Z11382934The horizontal distance (in meters) from the given decimalLatitude and decimalLongitude describing the smallest circle containing the whole of the LocationNfalsefalsefalse0.052017-12-04T17:14:03.524Z2010-01-01T00:00:00.000Z11382932State or province where data was collectedTfalsefalsefalseCO2017-12-04T17:14:03.525Z2010-01-01T00:00:00.000Z11382937The method used to collect or create spatial informationTfalsefalsefalseAIS_SURVEY2017-12-04T17:14:03.525Z2010-01-01T00:00:00.000Z11382935UTM latitudinal grid zoneTfalsetruefalse13N2017-12-04T17:14:03.524Z2010-01-01T00:00:00.000Z11382938Model used to measure horizontal position on the earthTfalsefalsefalseWGS842017-12-04T17:14:03.524Z2010-01-01T00:00:00.000Z11382933County where data was collectedTfalsefalsefalseBoulder2017-12-04T17:14:03.525Z2010-01-01T00:00:00.000Z11382931Country of collectionTfalsefalsefalseUSA2017-12-04T17:14:03.525Z2010-01-01T00:00:00.000Z11382936The estimate of the range of variation, in meters, around provided value for elevation with repeated measurements.Nfalsefalsefalse0.01","0.0","0.0","0.0","0.0","0.0","0.0","","","Gauge","40.034958-105.5444153023.29213453552.4834939944431779.17498324N","2017-12-04T17:14:03.525Z2010-01-01T00:00:00.000Z11382934The horizontal distance (in meters) from the given decimalLatitude and decimalLongitude describing the smallest circle containing the whole of the LocationNfalsefalsefalse0.052017-12-04T17:14:03.524Z2010-01-01T00:00:00.000Z11382932State or province where data was collectedTfalsefalsefalseCO2017-12-04T17:14:03.525Z2010-01-01T00:00:00.000Z11382937The method used to collect or create spatial informationTfalsefalsefalseAIS_SURVEY2017-12-04T17:14:03.525Z2010-01-01T00:00:00.000Z11382935UTM latitudinal grid zoneTfalsetruefalse13N2017-12-04T17:14:03.524Z2010-01-01T00:00:00.000Z11382938Model used to measure horizontal position on the earthTfalsefalsefalseWGS842017-12-04T17:14:03.524Z2010-01-01T00:00:00.000Z11382933County where data was collectedTfalsefalsefalseBoulder2017-12-04T17:14:03.525Z2010-01-01T00:00:00.000Z11382931Country of collectionTfalsefalsefalseUSA2017-12-04T17:14:03.525Z2010-01-01T00:00:00.000Z11382936The estimate of the range of variation, in meters, around provided value for elevation with repeated measurements.Nfalsefalsefalse0.01","40.034958","-105.544415","3023.292","13453552.4834939944431779.17498324N","D13","COMO",NA
"8",NA,"2010-01-01T00:00:00.000Z","0.00.00.00.00.00.0Gauge44.260355-122.164655880.2210566679.5470251084901129.81458228N2018-02-01T18:21:40.513Z2010-01-01T00:00:00.000Z11458714The horizontal distance (in meters) from the given decimalLatitude and decimalLongitude describing the smallest circle containing the whole of the LocationNfalsefalsefalse0.052018-02-01T18:21:40.514Z2010-01-01T00:00:00.000Z11458709State or province where data was collectedTfalsefalsefalseOR2018-02-01T18:21:40.514Z2010-01-01T00:00:00.000Z11458716Model used to measure horizontal position on the earthTfalsefalsefalseWGS842018-02-01T18:21:40.514Z2010-01-01T00:00:00.000Z11458706Country of collectionTfalsefalsefalseUSA2018-02-01T18:21:40.511Z2010-01-01T00:00:00.000Z11458717The method used to collect or create spatial informationTfalsefalsefalseAIS_Survey2018-02-01T18:21:40.514Z2010-01-01T00:00:00.000Z11458711County where data was collectedTfalsefalsefalseLinn2018-02-01T18:21:40.512Z2010-01-01T00:00:00.000Z11458715The estimate of the range of variation, in meters, around provided value for elevation with repeated measurements.Nfalsefalsefalse0.012018-02-01T18:21:40.514Z2010-01-01T00:00:00.000Z11458713UTM latitudinal grid zoneTfalsetruefalse10N","0.0","0.0","0.0","0.0","0.0","0.0","","","Gauge","44.260355-122.164655880.2210566679.5470251084901129.81458228N","2018-02-01T18:21:40.513Z2010-01-01T00:00:00.000Z11458714The horizontal distance (in meters) from the given decimalLatitude and decimalLongitude describing the smallest circle containing the whole of the LocationNfalsefalsefalse0.052018-02-01T18:21:40.514Z2010-01-01T00:00:00.000Z11458709State or province where data was collectedTfalsefalsefalseOR2018-02-01T18:21:40.514Z2010-01-01T00:00:00.000Z11458716Model used to measure horizontal position on the earthTfalsefalsefalseWGS842018-02-01T18:21:40.514Z2010-01-01T00:00:00.000Z11458706Country of collectionTfalsefalsefalseUSA2018-02-01T18:21:40.511Z2010-01-01T00:00:00.000Z11458717The method used to collect or create spatial informationTfalsefalsefalseAIS_Survey2018-02-01T18:21:40.514Z2010-01-01T00:00:00.000Z11458711County where data was collectedTfalsefalsefalseLinn2018-02-01T18:21:40.512Z2010-01-01T00:00:00.000Z11458715The estimate of the range of variation, in meters, around provided value for elevation with repeated measurements.Nfalsefalsefalse0.012018-02-01T18:21:40.514Z2010-01-01T00:00:00.000Z11458713UTM latitudinal grid zoneTfalsetruefalse10N","44.260355","-122.164655","880.22","10566679.5470251084901129.81458228N","D16","MCRA",NA
"9",NA,"2010-01-01T00:00:00.000Z","0.00.00.00.00.00.0West St Louis Creek Staff Gauge39.890683-105.9113052900.79813422086.7855444174416021.60907561N2017-08-14T14:40:55.069Z2010-01-01T00:00:00.000Z10895458State or province where data was collectedTfalsefalsefalseCO2017-09-14T21:15:00.054Z2010-01-01T00:00:00.000Z11302318The estimate of the range of variation, in meters, around provided value for elevation with repeated measurements.Nfalsefalsefalse0.012017-10-30T13:46:32.578Z2010-01-01T00:00:00.000Z11302319The horizontal distance (in meters) from the given decimalLatitude and decimalLongitude describing the smallest circle containing the whole of the LocationNfalsefalsefalse0.052017-09-14T21:15:00.055Z2010-01-01T00:00:00.000Z11302320The method used to collect or create spatial informationTfalsefalsefalseAIS Survey2017-08-14T14:40:55.068Z2010-01-01T00:00:00.000Z10895461Model used to measure horizontal position on the earthTfalsefalsefalseWGS842017-08-14T14:40:55.069Z2010-01-01T00:00:00.000Z10895462UTM latitudinal grid zoneTfalsetruefalse13N2017-08-14T14:40:55.069Z2010-01-01T00:00:00.000Z10895459County where data was collectedTfalsefalsefalseGrand2017-08-14T14:40:55.069Z2010-01-01T00:00:00.000Z10895460Country of collectionTfalsefalsefalseUSA","0.0","0.0","0.0","0.0","0.0","0.0","","","West St Louis Creek Staff Gauge","39.890683-105.9113052900.79813422086.7855444174416021.60907561N","2017-08-14T14:40:55.069Z2010-01-01T00:00:00.000Z10895458State or province where data was collectedTfalsefalsefalseCO2017-09-14T21:15:00.054Z2010-01-01T00:00:00.000Z11302318The estimate of the range of variation, in meters, around provided value for elevation with repeated measurements.Nfalsefalsefalse0.012017-10-30T13:46:32.578Z2010-01-01T00:00:00.000Z11302319The horizontal distance (in meters) from the given decimalLatitude and decimalLongitude describing the smallest circle containing the whole of the LocationNfalsefalsefalse0.052017-09-14T21:15:00.055Z2010-01-01T00:00:00.000Z11302320The method used to collect or create spatial informationTfalsefalsefalseAIS Survey2017-08-14T14:40:55.068Z2010-01-01T00:00:00.000Z10895461Model used to measure horizontal position on the earthTfalsefalsefalseWGS842017-08-14T14:40:55.069Z2010-01-01T00:00:00.000Z10895462UTM latitudinal grid zoneTfalsetruefalse13N2017-08-14T14:40:55.069Z2010-01-01T00:00:00.000Z10895459County where data was collectedTfalsefalsefalseGrand2017-08-14T14:40:55.069Z2010-01-01T00:00:00.000Z10895460Country of collectionTfalsefalsefalseUSA","39.890683","-105.911305","2900.798","13422086.7855444174416021.60907561N","D13","WLOU","2016-07-14T23:59:59.999Z"
"10",NA,"2010-01-01T00:00:00.000Z","0.00.00.00.0101.00.0Gauge38.894396-78.147295276.5417747409.343048844308926.7276N2017-03-10T19:09:19.961Z2010-01-01T00:00:00.000Z10363196UTM latitudinal grid zoneTfalsetruefalse17N2017-10-30T13:45:10.213Z2010-01-01T00:00:00.000Z11331043State or province where data was collectedTfalsefalsefalseVA2017-03-10T19:09:19.961Z2010-01-01T00:00:00.000Z10363195The method used to collect or create spatial informationTfalsefalsefalseAIS Total Station Survey2017-10-30T13:45:10.215Z2010-01-01T00:00:00.000Z11301903The horizontal distance (in meters) from the given decimalLatitude and decimalLongitude describing the smallest circle containing the whole of the LocationNfalsefalsefalse0.052017-10-30T13:45:10.214Z2010-01-01T00:00:00.000Z11331045Model used to measure horizontal position on the earthTfalsefalsefalseWGS842017-10-30T13:45:10.214Z2010-01-01T00:00:00.000Z11331044County where data was collectedTfalsefalsefalseWarren2017-10-30T13:45:10.213Z2010-01-01T00:00:00.000Z11331042Country of collectionTfalsefalsefalseUSA2017-09-14T21:14:07.987Z2010-01-01T00:00:00.000Z11301902The estimate of the range of variation, in meters, around provided value for elevation with repeated measurements.Nfalsefalsefalse0.01","0.0","0.0","0.0","0.0","101.0","0.0","","","Gauge","38.894396-78.147295276.5417747409.343048844308926.7276N","2017-03-10T19:09:19.961Z2010-01-01T00:00:00.000Z10363196UTM latitudinal grid zoneTfalsetruefalse17N2017-10-30T13:45:10.213Z2010-01-01T00:00:00.000Z11331043State or province where data was collectedTfalsefalsefalseVA2017-03-10T19:09:19.961Z2010-01-01T00:00:00.000Z10363195The method used to collect or create spatial informationTfalsefalsefalseAIS Total Station Survey2017-10-30T13:45:10.215Z2010-01-01T00:00:00.000Z11301903The horizontal distance (in meters) from the given decimalLatitude and decimalLongitude describing the smallest circle containing the whole of the LocationNfalsefalsefalse0.052017-10-30T13:45:10.214Z2010-01-01T00:00:00.000Z11331045Model used to measure horizontal position on the earthTfalsefalsefalseWGS842017-10-30T13:45:10.214Z2010-01-01T00:00:00.000Z11331044County where data was collectedTfalsefalsefalseWarren2017-10-30T13:45:10.213Z2010-01-01T00:00:00.000Z11331042Country of collectionTfalsefalsefalseUSA2017-09-14T21:14:07.987Z2010-01-01T00:00:00.000Z11301902The estimate of the range of variation, in meters, around provided value for elevation with repeated measurements.Nfalsefalsefalse0.01","38.894396","-78.147295","276.54","17747409.343048844308926.7276N","D02","POSE","2015-07-13T23:59:59.999Z"
"11",NA,"2010-01-01T00:00:00.000Z","0.00.00.00.0101.00.0Gauge39.104842-96.602601325.5314707300.766868544331147.5247778N2018-03-22T17:05:31.300Z2010-01-01T00:00:00.000Z11499858County where data was collectedTfalsefalsefalseRiley2018-03-22T17:05:31.300Z2010-01-01T00:00:00.000Z11499863The method used to collect or create spatial informationTfalsefalsefalseAIS_SURVEY2018-03-22T17:05:31.301Z2010-01-01T00:00:00.000Z11499856Country of collectionTfalsefalsefalseUSA2018-03-22T17:05:31.301Z2010-01-01T00:00:00.000Z11499859UTM latitudinal grid zoneTfalsetruefalse14N2018-03-22T17:05:31.300Z2010-01-01T00:00:00.000Z11499862Model used to measure horizontal position on the earthTfalsefalsefalseWGS842018-03-27T18:36:45.633Z2010-01-01T00:00:00.000Z11499861The horizontal distance (in meters) from the given decimalLatitude and decimalLongitude describing the smallest circle containing the whole of the LocationNfalsefalsefalse202018-03-22T17:05:31.301Z2010-01-01T00:00:00.000Z11499857State or province where data was collectedTfalsefalsefalseKS2018-03-27T18:36:45.633Z2010-01-01T00:00:00.000Z11499860The estimate of the range of variation, in meters, around provided value for elevation with repeated measurements.Nfalsefalsefalse10","0.0","0.0","0.0","0.0","101.0","0.0","","","Gauge","39.104842-96.602601325.5314707300.766868544331147.5247778N","2018-03-22T17:05:31.300Z2010-01-01T00:00:00.000Z11499858County where data was collectedTfalsefalsefalseRiley2018-03-22T17:05:31.300Z2010-01-01T00:00:00.000Z11499863The method used to collect or create spatial informationTfalsefalsefalseAIS_SURVEY2018-03-22T17:05:31.301Z2010-01-01T00:00:00.000Z11499856Country of collectionTfalsefalsefalseUSA2018-03-22T17:05:31.301Z2010-01-01T00:00:00.000Z11499859UTM latitudinal grid zoneTfalsetruefalse14N2018-03-22T17:05:31.300Z2010-01-01T00:00:00.000Z11499862Model used to measure horizontal position on the earthTfalsefalsefalseWGS842018-03-27T18:36:45.633Z2010-01-01T00:00:00.000Z11499861The horizontal distance (in meters) from the given decimalLatitude and decimalLongitude describing the smallest circle containing the whole of the LocationNfalsefalsefalse202018-03-22T17:05:31.301Z2010-01-01T00:00:00.000Z11499857State or province where data was collectedTfalsefalsefalseKS2018-03-27T18:36:45.633Z2010-01-01T00:00:00.000Z11499860The estimate of the range of variation, in meters, around provided value for elevation with repeated measurements.Nfalsefalsefalse10","39.104842","-96.602601","325.53","14707300.766868544331147.5247778N","D06","KING","2015-12-15T23:59:59.999Z"
"12",NA,"2010-01-01T00:00:00.000Z","0.00.00.00.0101.00.0Gauge65.153056-147.502016223.9736476462.3365714857225606.11792886N2018-03-27T21:21:06.082Z2010-01-01T00:00:00.000Z11383112The horizontal distance (in meters) from the given decimalLatitude and decimalLongitude describing the smallest circle containing the whole of the LocationNfalsefalsefalse102017-12-04T21:23:20.199Z2010-01-01T00:00:00.000Z11383109County where data was collectedTfalsefalsefalseFairbanks North Star2018-03-27T21:21:06.082Z2010-01-01T00:00:00.000Z11383111The estimate of the range of variation, in meters, around provided value for elevation with repeated measurements.Nfalsefalsefalse102017-12-04T21:23:20.226Z2010-01-01T00:00:00.000Z11383110UTM latitudinal grid zoneTfalsetruefalse6N2018-02-15T20:44:14.295Z2010-01-01T00:00:00.000Z11383113The method used to collect or create spatial informationTfalsefalsefalseGeomorph Survey2017-12-04T21:23:20.217Z2010-01-01T00:00:00.000Z11383114Model used to measure horizontal position on the earthTfalsefalsefalseWGS842017-12-04T21:23:20.226Z2010-01-01T00:00:00.000Z11383107Country of collectionTfalsefalsefalseUSA2017-12-04T21:23:20.217Z2010-01-01T00:00:00.000Z11383108State or province where data was collectedTfalsefalsefalseAK","0.0","0.0","0.0","0.0","101.0","0.0","","","Gauge","65.153056-147.502016223.9736476462.3365714857225606.11792886N","2018-03-27T21:21:06.082Z2010-01-01T00:00:00.000Z11383112The horizontal distance (in meters) from the given decimalLatitude and decimalLongitude describing the smallest circle containing the whole of the LocationNfalsefalsefalse102017-12-04T21:23:20.199Z2010-01-01T00:00:00.000Z11383109County where data was collectedTfalsefalsefalseFairbanks North Star2018-03-27T21:21:06.082Z2010-01-01T00:00:00.000Z11383111The estimate of the range of variation, in meters, around provided value for elevation with repeated measurements.Nfalsefalsefalse102017-12-04T21:23:20.226Z2010-01-01T00:00:00.000Z11383110UTM latitudinal grid zoneTfalsetruefalse6N2018-02-15T20:44:14.295Z2010-01-01T00:00:00.000Z11383113The method used to collect or create spatial informationTfalsefalsefalseGeomorph Survey2017-12-04T21:23:20.217Z2010-01-01T00:00:00.000Z11383114Model used to measure horizontal position on the earthTfalsefalsefalseWGS842017-12-04T21:23:20.226Z2010-01-01T00:00:00.000Z11383107Country of collectionTfalsefalsefalseUSA2017-12-04T21:23:20.217Z2010-01-01T00:00:00.000Z11383108State or province where data was collectedTfalsefalsefalseAK","65.153056","-147.502016","223.973","6476462.3365714857225606.11792886N","D19","CARI","2017-08-21T23:59:59.999Z"
"13",NA,"2010-01-01T00:00:00.000Z","0.00.00.00.0101.00.0Sycamore Creek Staff Gauge33.751686-111.508583644.13912452897.0040981023734740.12063112N2017-12-05T14:51:45.307Z2010-01-01T00:00:00.000Z11398622Country of collectionTfalsefalsefalseUSA2018-03-27T21:02:09.930Z2010-01-01T00:00:00.000Z11398624The estimate of the range of variation, in meters, around provided value for elevation with repeated measurements.Nfalsefalsefalse102018-03-19T15:55:47.270Z2010-01-01T00:00:00.000Z11497678State or province where data was collectedTfalsefalsefalseAZ2017-12-05T14:51:45.306Z2010-01-01T00:00:00.000Z11398627Model used to measure horizontal position on the earthTfalsefalsefalseWGS842017-12-05T14:51:45.299Z2010-01-01T00:00:00.000Z11398623County where data was collectedTfalsefalsefalseMaricopa2017-12-05T14:51:45.306Z2010-01-01T00:00:00.000Z11398625UTM latitudinal grid zoneTfalsetruefalse12N2018-03-27T21:02:09.930Z2010-01-01T00:00:00.000Z11398626The horizontal distance (in meters) from the given decimalLatitude and decimalLongitude describing the smallest circle containing the whole of the LocationNfalsefalsefalse202018-03-22T16:32:40.204Z2010-01-01T00:00:00.000Z11499839The method used to collect or create spatial informationTfalsefalsefalseAIS Survey","0.0","0.0","0.0","0.0","101.0","0.0","","","Sycamore Creek Staff Gauge","33.751686-111.508583644.13912452897.0040981023734740.12063112N","2017-12-05T14:51:45.307Z2010-01-01T00:00:00.000Z11398622Country of collectionTfalsefalsefalseUSA2018-03-27T21:02:09.930Z2010-01-01T00:00:00.000Z11398624The estimate of the range of variation, in meters, around provided value for elevation with repeated measurements.Nfalsefalsefalse102018-03-19T15:55:47.270Z2010-01-01T00:00:00.000Z11497678State or province where data was collectedTfalsefalsefalseAZ2017-12-05T14:51:45.306Z2010-01-01T00:00:00.000Z11398627Model used to measure horizontal position on the earthTfalsefalsefalseWGS842017-12-05T14:51:45.299Z2010-01-01T00:00:00.000Z11398623County where data was collectedTfalsefalsefalseMaricopa2017-12-05T14:51:45.306Z2010-01-01T00:00:00.000Z11398625UTM latitudinal grid zoneTfalsetruefalse12N2018-03-27T21:02:09.930Z2010-01-01T00:00:00.000Z11398626The horizontal distance (in meters) from the given decimalLatitude and decimalLongitude describing the smallest circle containing the whole of the LocationNfalsefalsefalse202018-03-22T16:32:40.204Z2010-01-01T00:00:00.000Z11499839The method used to collect or create spatial informationTfalsefalsefalseAIS Survey","33.751686","-111.508583","644.139","12452897.0040981023734740.12063112N","D14","SYCA","2017-10-13T23:59:59.999Z"
"14",NA,"2010-01-01T00:00:00.000Z","0.00.00.00.0102.00.0Gauge39.758374-102.44861177.47713718565.7139380024404053.10172398N2018-02-05T14:29:48.930Z2010-01-01T00:00:00.000Z11459233County where data was collectedTfalsefalsefalseYuma2018-02-05T14:29:48.938Z2010-01-01T00:00:00.000Z11459232State or province where data was collectedTfalsefalsefalseCO2018-03-27T20:24:30.033Z2010-01-01T00:00:00.000Z11459234The estimate of the range of variation, in meters, around provided value for elevation with repeated measurements.Nfalsefalsefalse102018-02-05T14:29:48.937Z2010-01-01T00:00:00.000Z11459237The method used to collect or create spatial informationTfalsefalsefalseAIS survey2018-02-05T14:29:48.938Z2010-01-01T00:00:00.000Z11459238Model used to measure horizontal position on the earthTfalsefalsefalseWGS842018-03-27T20:24:30.033Z2010-01-01T00:00:00.000Z11459235The horizontal distance (in meters) from the given decimalLatitude and decimalLongitude describing the smallest circle containing the whole of the LocationNfalsefalsefalse202018-02-05T14:29:48.938Z2010-01-01T00:00:00.000Z11459231Country of collectionTfalsefalsefalseUSA2018-02-05T14:29:48.937Z2010-01-01T00:00:00.000Z11459236UTM latitudinal grid zoneTfalsetruefalse13N","0.0","0.0","0.0","0.0","102.0","0.0","","","Gauge","39.758374-102.44861177.47713718565.7139380024404053.10172398N","2018-02-05T14:29:48.930Z2010-01-01T00:00:00.000Z11459233County where data was collectedTfalsefalsefalseYuma2018-02-05T14:29:48.938Z2010-01-01T00:00:00.000Z11459232State or province where data was collectedTfalsefalsefalseCO2018-03-27T20:24:30.033Z2010-01-01T00:00:00.000Z11459234The estimate of the range of variation, in meters, around provided value for elevation with repeated measurements.Nfalsefalsefalse102018-02-05T14:29:48.937Z2010-01-01T00:00:00.000Z11459237The method used to collect or create spatial informationTfalsefalsefalseAIS survey2018-02-05T14:29:48.938Z2010-01-01T00:00:00.000Z11459238Model used to measure horizontal position on the earthTfalsefalsefalseWGS842018-03-27T20:24:30.033Z2010-01-01T00:00:00.000Z11459235The horizontal distance (in meters) from the given decimalLatitude and decimalLongitude describing the smallest circle containing the whole of the LocationNfalsefalsefalse202018-02-05T14:29:48.938Z2010-01-01T00:00:00.000Z11459231Country of collectionTfalsefalsefalseUSA2018-02-05T14:29:48.937Z2010-01-01T00:00:00.000Z11459236UTM latitudinal grid zoneTfalsetruefalse13N","39.758374","-102.4486","1177.477","13718565.7139380024404053.10172398N","D10","ARIK","2015-08-03T23:59:59.999Z"
"15",NA,"2010-01-01T00:00:00.000Z","0.00.00.00.0102.00.0Walker Branch Staff Gauge35.9572346-84.2792133262.4416745379.2359407493982627.65181722N2017-12-05T15:15:24.060Z2010-01-01T00:00:00.000Z11398768Country of collectionTfalsefalsefalseUSA2018-03-27T19:45:44.864Z2010-01-01T00:00:00.000Z11398771The horizontal distance (in meters) from the given decimalLatitude and decimalLongitude describing the smallest circle containing the whole of the LocationNfalsefalsefalse202017-12-05T15:15:24.060Z2010-01-01T00:00:00.000Z11398769State or province where data was collectedTfalsefalsefalseTN2017-12-05T15:15:24.060Z2010-01-01T00:00:00.000Z11398773UTM latitudinal grid zoneTfalsetruefalse16N2018-03-27T19:45:44.864Z2010-01-01T00:00:00.000Z11398772The estimate of the range of variation, in meters, around provided value for elevation with repeated measurements.Nfalsefalsefalse102017-12-05T15:15:24.060Z2010-01-01T00:00:00.000Z11398775Model used to measure horizontal position on the earthTfalsefalsefalseWGS842017-12-05T15:15:24.060Z2010-01-01T00:00:00.000Z11398770County where data was collectedTfalsefalsefalseAnderson2018-03-22T16:56:46.113Z2010-01-01T00:00:00.000Z11398774The method used to collect or create spatial informationTfalsefalsefalseAIS Survey","0.0","0.0","0.0","0.0","102.0","0.0","","","Walker Branch Staff Gauge","35.9572346-84.2792133262.4416745379.2359407493982627.65181722N","2017-12-05T15:15:24.060Z2010-01-01T00:00:00.000Z11398768Country of collectionTfalsefalsefalseUSA2018-03-27T19:45:44.864Z2010-01-01T00:00:00.000Z11398771The horizontal distance (in meters) from the given decimalLatitude and decimalLongitude describing the smallest circle containing the whole of the LocationNfalsefalsefalse202017-12-05T15:15:24.060Z2010-01-01T00:00:00.000Z11398769State or province where data was collectedTfalsefalsefalseTN2017-12-05T15:15:24.060Z2010-01-01T00:00:00.000Z11398773UTM latitudinal grid zoneTfalsetruefalse16N2018-03-27T19:45:44.864Z2010-01-01T00:00:00.000Z11398772The estimate of the range of variation, in meters, around provided value for elevation with repeated measurements.Nfalsefalsefalse102017-12-05T15:15:24.060Z2010-01-01T00:00:00.000Z11398775Model used to measure horizontal position on the earthTfalsefalsefalseWGS842017-12-05T15:15:24.060Z2010-01-01T00:00:00.000Z11398770County where data was collectedTfalsefalsefalseAnderson2018-03-22T16:56:46.113Z2010-01-01T00:00:00.000Z11398774The method used to collect or create spatial informationTfalsefalsefalseAIS Survey","35.9572346","-84.2792133","262.44","16745379.2359407493982627.65181722N","D07","WALK","2016-10-31T23:59:59.999Z"
"16",NA,"2014-12-17T00:00:00.000Z","0.00.00.00.0101.00.0Gauge18.174044-66.797688553.33319732959.2536940862010838.21473632N2018-03-27T19:21:14.603Z2010-01-01T00:00:00.000Z11301677The horizontal distance (in meters) from the given decimalLatitude and decimalLongitude describing the smallest circle containing the whole of the LocationNfalsefalsefalse202018-03-27T19:21:14.603Z2010-01-01T00:00:00.000Z11301676The estimate of the range of variation, in meters, around provided value for elevation with repeated measurements.Nfalsefalsefalse102017-05-22T14:44:37.272Z2010-01-01T00:00:00.000Z10624330UTM latitudinal grid zoneTfalsetruefalse19N2017-05-22T14:44:37.273Z2010-01-01T00:00:00.000Z10624329The method used to collect or create spatial informationTfalsefalsefalseAIS_Survey","0.0","0.0","0.0","0.0","101.0","0.0","","","Gauge","18.174044-66.797688553.33319732959.2536940862010838.21473632N","2018-03-27T19:21:14.603Z2010-01-01T00:00:00.000Z11301677The horizontal distance (in meters) from the given decimalLatitude and decimalLongitude describing the smallest circle containing the whole of the LocationNfalsefalsefalse202018-03-27T19:21:14.603Z2010-01-01T00:00:00.000Z11301676The estimate of the range of variation, in meters, around provided value for elevation with repeated measurements.Nfalsefalsefalse102017-05-22T14:44:37.272Z2010-01-01T00:00:00.000Z10624330UTM latitudinal grid zoneTfalsetruefalse19N2017-05-22T14:44:37.273Z2010-01-01T00:00:00.000Z10624329The method used to collect or create spatial informationTfalsefalsefalseAIS_Survey","18.174044","-66.797688","553.333","19732959.2536940862010838.21473632N","D04","GUIL","2015-12-15T23:59:59.999Z"
"17",NA,"2015-05-26T00:00:00.000Z","0.00.00.00.0102.00.0Gauge32.961591-87.40820273.58116461850.8235298893647102.87049947N2018-03-27T20:01:36.182Z2018-03-27T20:01:36.157Z11502432The method used to collect or create spatial informationTfalsefalsefalseAIS_SURVEY2018-03-27T20:01:36.183Z2018-03-27T20:01:36.157Z11502426Country of collectionTfalsefalsefalseUSA2018-03-27T20:01:36.182Z2018-03-27T20:01:36.157Z11502428County where data was collectedTfalsefalsefalseBibb2018-03-27T20:01:36.181Z2018-03-27T20:01:36.157Z11502430The horizontal distance (in meters) from the given decimalLatitude and decimalLongitude describing the smallest circle containing the whole of the LocationNfalsefalsefalse0.052018-03-27T20:01:36.182Z2018-03-27T20:01:36.157Z11502427State or province where data was collectedTfalsefalsefalseAL2018-03-27T20:01:36.182Z2018-03-27T20:01:36.157Z11502431UTM latitudinal grid zoneTfalsetruefalse16N2018-03-27T20:01:36.182Z2018-03-27T20:01:36.157Z11502429The estimate of the range of variation, in meters, around provided value for elevation with repeated measurements.Nfalsefalsefalse0.012018-03-27T20:01:36.182Z2018-03-27T20:01:36.157Z11502433Model used to measure horizontal position on the earthTfalsefalsefalseWGS84","0.0","0.0","0.0","0.0","102.0","0.0","","","Gauge","32.961591-87.40820273.58116461850.8235298893647102.87049947N","2018-03-27T20:01:36.182Z2018-03-27T20:01:36.157Z11502432The method used to collect or create spatial informationTfalsefalsefalseAIS_SURVEY2018-03-27T20:01:36.183Z2018-03-27T20:01:36.157Z11502426Country of collectionTfalsefalsefalseUSA2018-03-27T20:01:36.182Z2018-03-27T20:01:36.157Z11502428County where data was collectedTfalsefalsefalseBibb2018-03-27T20:01:36.181Z2018-03-27T20:01:36.157Z11502430The horizontal distance (in meters) from the given decimalLatitude and decimalLongitude describing the smallest circle containing the whole of the LocationNfalsefalsefalse0.052018-03-27T20:01:36.182Z2018-03-27T20:01:36.157Z11502427State or province where data was collectedTfalsefalsefalseAL2018-03-27T20:01:36.182Z2018-03-27T20:01:36.157Z11502431UTM latitudinal grid zoneTfalsetruefalse16N2018-03-27T20:01:36.182Z2018-03-27T20:01:36.157Z11502429The estimate of the range of variation, in meters, around provided value for elevation with repeated measurements.Nfalsefalsefalse0.012018-03-27T20:01:36.182Z2018-03-27T20:01:36.157Z11502433Model used to measure horizontal position on the earthTfalsefalsefalseWGS84","32.961591","-87.408202","73.581","16461850.8235298893647102.87049947N","D08","MAYF",NA
"18",NA,"2015-07-14T00:00:00.000Z","0.00.00.01.0101.00.015Gauge38.894396-78.147295276.5417747409.343048844308926.7276N2018-03-27T17:30:46.507Z2018-03-27T17:30:46.469Z11501872Country of collectionTfalsefalsefalseUSA2018-03-27T17:30:46.507Z2018-03-27T17:30:46.469Z11501875The horizontal distance (in meters) from the given decimalLatitude and decimalLongitude describing the smallest circle containing the whole of the LocationNfalsefalsefalse0.052018-03-27T17:30:46.507Z2018-03-27T17:30:46.469Z11501877UTM latitudinal grid zoneTfalsetruefalse17N2018-03-27T17:30:46.506Z2018-03-27T17:30:46.469Z11501878Model used to measure horizontal position on the earthTfalsefalsefalseWGS842018-03-27T17:30:46.507Z2018-03-27T17:30:46.469Z11501876The estimate of the range of variation, in meters, around provided value for elevation with repeated measurements.Nfalsefalsefalse0.012018-03-27T17:30:46.507Z2018-03-27T17:30:46.469Z11501873State or province where data was collectedTfalsefalsefalseVA2018-03-27T17:30:46.506Z2018-03-27T17:30:46.469Z11501879The method used to collect or create spatial informationTfalsefalsefalseAIS Total Station Survey2018-03-27T17:30:46.507Z2018-03-27T17:30:46.469Z11501874County where data was collectedTfalsefalsefalseWarren","0.0","0.0","0.0","1.0","101.0","0.015","","","Gauge","38.894396-78.147295276.5417747409.343048844308926.7276N","2018-03-27T17:30:46.507Z2018-03-27T17:30:46.469Z11501872Country of collectionTfalsefalsefalseUSA2018-03-27T17:30:46.507Z2018-03-27T17:30:46.469Z11501875The horizontal distance (in meters) from the given decimalLatitude and decimalLongitude describing the smallest circle containing the whole of the LocationNfalsefalsefalse0.052018-03-27T17:30:46.507Z2018-03-27T17:30:46.469Z11501877UTM latitudinal grid zoneTfalsetruefalse17N2018-03-27T17:30:46.506Z2018-03-27T17:30:46.469Z11501878Model used to measure horizontal position on the earthTfalsefalsefalseWGS842018-03-27T17:30:46.507Z2018-03-27T17:30:46.469Z11501876The estimate of the range of variation, in meters, around provided value for elevation with repeated measurements.Nfalsefalsefalse0.012018-03-27T17:30:46.507Z2018-03-27T17:30:46.469Z11501873State or province where data was collectedTfalsefalsefalseVA2018-03-27T17:30:46.506Z2018-03-27T17:30:46.469Z11501879The method used to collect or create spatial informationTfalsefalsefalseAIS Total Station Survey2018-03-27T17:30:46.507Z2018-03-27T17:30:46.469Z11501874County where data was collectedTfalsefalsefalseWarren","38.894396","-78.147295","276.54","17747409.343048844308926.7276N","D02","POSE",NA
"19",NA,"2015-08-04T00:00:00.000Z","0.00.00.00.0102.00.0Gauge39.758374-102.44861177.47713718565.7139380024404053.10172398N2018-03-27T20:24:30.077Z2018-03-27T20:24:30.056Z11502435State or province where data was collectedTfalsefalsefalseCO2018-03-27T20:24:30.077Z2018-03-27T20:24:30.056Z11502438The estimate of the range of variation, in meters, around provided value for elevation with repeated measurements.Nfalsefalsefalse0.012018-03-27T20:24:30.076Z2018-03-27T20:24:30.056Z11502434Country of collectionTfalsefalsefalseUSA2018-03-27T20:24:30.077Z2018-03-27T20:24:30.056Z11502439The horizontal distance (in meters) from the given decimalLatitude and decimalLongitude describing the smallest circle containing the whole of the LocationNfalsefalsefalse0.052018-03-27T20:24:30.077Z2018-03-27T20:24:30.056Z11502436County where data was collectedTfalsefalsefalseYuma2018-03-27T20:24:30.077Z2018-03-27T20:24:30.056Z11502437UTM latitudinal grid zoneTfalsetruefalse13N2018-03-27T20:24:30.077Z2018-03-27T20:24:30.056Z11502440Model used to measure horizontal position on the earthTfalsefalsefalseWGS842018-03-27T20:24:30.076Z2018-03-27T20:24:30.056Z11502441The method used to collect or create spatial informationTfalsefalsefalseAIS survey","0.0","0.0","0.0","0.0","102.0","0.0","","","Gauge","39.758374-102.44861177.47713718565.7139380024404053.10172398N","2018-03-27T20:24:30.077Z2018-03-27T20:24:30.056Z11502435State or province where data was collectedTfalsefalsefalseCO2018-03-27T20:24:30.077Z2018-03-27T20:24:30.056Z11502438The estimate of the range of variation, in meters, around provided value for elevation with repeated measurements.Nfalsefalsefalse0.012018-03-27T20:24:30.076Z2018-03-27T20:24:30.056Z11502434Country of collectionTfalsefalsefalseUSA2018-03-27T20:24:30.077Z2018-03-27T20:24:30.056Z11502439The horizontal distance (in meters) from the given decimalLatitude and decimalLongitude describing the smallest circle containing the whole of the LocationNfalsefalsefalse0.052018-03-27T20:24:30.077Z2018-03-27T20:24:30.056Z11502436County where data was collectedTfalsefalsefalseYuma2018-03-27T20:24:30.077Z2018-03-27T20:24:30.056Z11502437UTM latitudinal grid zoneTfalsetruefalse13N2018-03-27T20:24:30.077Z2018-03-27T20:24:30.056Z11502440Model used to measure horizontal position on the earthTfalsefalsefalseWGS842018-03-27T20:24:30.076Z2018-03-27T20:24:30.056Z11502441The method used to collect or create spatial informationTfalsefalsefalseAIS survey","39.758374","-102.4486","1177.477","13718565.7139380024404053.10172398N","D10","ARIK",NA
"20",NA,"2015-12-16T00:00:00.000Z","0.00.00.00.0101.00.0Gauge18.174044-66.797688553.33319732959.2536940862010838.21473632N2018-03-27T19:21:14.664Z2018-03-07T19:44:30.632Z11496794The estimate of the range of variation, in meters, around provided value for elevation with repeated measurements.Nfalsefalsefalse102018-03-27T19:21:14.664Z2018-03-07T19:44:30.632Z11496792The horizontal distance (in meters) from the given decimalLatitude and decimalLongitude describing the smallest circle containing the whole of the LocationNfalsefalsefalse202018-03-07T19:44:30.796Z2018-03-07T19:44:30.632Z11496793UTM latitudinal grid zoneTfalsetruefalse19N2018-03-07T19:44:30.797Z2018-03-07T19:44:30.632Z11496795The method used to collect or create spatial informationTfalsefalsefalseAIS_Survey","0.0","0.0","0.0","0.0","101.0","0.0","","","Gauge","18.174044-66.797688553.33319732959.2536940862010838.21473632N","2018-03-27T19:21:14.664Z2018-03-07T19:44:30.632Z11496794The estimate of the range of variation, in meters, around provided value for elevation with repeated measurements.Nfalsefalsefalse102018-03-27T19:21:14.664Z2018-03-07T19:44:30.632Z11496792The horizontal distance (in meters) from the given decimalLatitude and decimalLongitude describing the smallest circle containing the whole of the LocationNfalsefalsefalse202018-03-07T19:44:30.796Z2018-03-07T19:44:30.632Z11496793UTM latitudinal grid zoneTfalsetruefalse19N2018-03-07T19:44:30.797Z2018-03-07T19:44:30.632Z11496795The method used to collect or create spatial informationTfalsefalsefalseAIS_Survey","18.174044","-66.797688","553.333","19732959.2536940862010838.21473632N","D04","GUIL","2016-02-11T23:59:59.999Z"
"21",NA,"2015-12-16T00:00:00.000Z","0.00.00.00.0101.00.0Gauge39.104842-96.602601325.5314707300.766868544331147.5247778N2018-03-27T18:36:45.687Z2018-03-27T18:36:45.662Z11502131Model used to measure horizontal position on the earthTfalsefalsefalseWGS842018-03-27T18:36:45.687Z2018-03-27T18:36:45.662Z11502129The estimate of the range of variation, in meters, around provided value for elevation with repeated measurements.Nfalsefalsefalse102018-03-27T18:36:45.687Z2018-03-27T18:36:45.662Z11502132The method used to collect or create spatial informationTfalsefalsefalseAIS_SURVEY2018-03-27T18:36:45.687Z2018-03-27T18:36:45.662Z11502130UTM latitudinal grid zoneTfalsetruefalse14N2018-03-27T18:36:45.688Z2018-03-27T18:36:45.662Z11502125Country of collectionTfalsefalsefalseUSA2018-03-27T18:36:45.687Z2018-03-27T18:36:45.662Z11502127County where data was collectedTfalsefalsefalseRiley2018-03-27T18:36:45.688Z2018-03-27T18:36:45.662Z11502126State or province where data was collectedTfalsefalsefalseKS2018-03-27T18:36:45.687Z2018-03-27T18:36:45.662Z11502128The horizontal distance (in meters) from the given decimalLatitude and decimalLongitude describing the smallest circle containing the whole of the LocationNfalsefalsefalse20","0.0","0.0","0.0","0.0","101.0","0.0","","","Gauge","39.104842-96.602601325.5314707300.766868544331147.5247778N","2018-03-27T18:36:45.687Z2018-03-27T18:36:45.662Z11502131Model used to measure horizontal position on the earthTfalsefalsefalseWGS842018-03-27T18:36:45.687Z2018-03-27T18:36:45.662Z11502129The estimate of the range of variation, in meters, around provided value for elevation with repeated measurements.Nfalsefalsefalse102018-03-27T18:36:45.687Z2018-03-27T18:36:45.662Z11502132The method used to collect or create spatial informationTfalsefalsefalseAIS_SURVEY2018-03-27T18:36:45.687Z2018-03-27T18:36:45.662Z11502130UTM latitudinal grid zoneTfalsetruefalse14N2018-03-27T18:36:45.688Z2018-03-27T18:36:45.662Z11502125Country of collectionTfalsefalsefalseUSA2018-03-27T18:36:45.687Z2018-03-27T18:36:45.662Z11502127County where data was collectedTfalsefalsefalseRiley2018-03-27T18:36:45.688Z2018-03-27T18:36:45.662Z11502126State or province where data was collectedTfalsefalsefalseKS2018-03-27T18:36:45.687Z2018-03-27T18:36:45.662Z11502128The horizontal distance (in meters) from the given decimalLatitude and decimalLongitude describing the smallest circle containing the whole of the LocationNfalsefalsefalse20","39.104842","-96.602601","325.53","14707300.766868544331147.5247778N","D06","KING","2016-05-09T23:59:59.999Z"
"22",NA,"2016-02-12T00:00:00.000Z","0.00.00.00.0101.00.0Gauge18.174044-66.797688553.33319732959.2536940862010838.21473632N2018-03-07T19:45:30.084Z2018-03-07T19:45:29.962Z11496798The estimate of the range of variation, in meters, around provided value for elevation with repeated measurements.Nfalsefalsefalse0.012018-03-07T19:45:30.084Z2018-03-07T19:45:29.962Z11496799The method used to collect or create spatial informationTfalsefalsefalseAIS_Survey2018-03-07T19:45:30.084Z2018-03-07T19:45:29.962Z11496796The horizontal distance (in meters) from the given decimalLatitude and decimalLongitude describing the smallest circle containing the whole of the LocationNfalsefalsefalse0.012018-03-07T19:45:30.084Z2018-03-07T19:45:29.962Z11496797UTM latitudinal grid zoneTfalsetruefalse19N","0.0","0.0","0.0","0.0","101.0","0.0","","","Gauge","18.174044-66.797688553.33319732959.2536940862010838.21473632N","2018-03-07T19:45:30.084Z2018-03-07T19:45:29.962Z11496798The estimate of the range of variation, in meters, around provided value for elevation with repeated measurements.Nfalsefalsefalse0.012018-03-07T19:45:30.084Z2018-03-07T19:45:29.962Z11496799The method used to collect or create spatial informationTfalsefalsefalseAIS_Survey2018-03-07T19:45:30.084Z2018-03-07T19:45:29.962Z11496796The horizontal distance (in meters) from the given decimalLatitude and decimalLongitude describing the smallest circle containing the whole of the LocationNfalsefalsefalse0.012018-03-07T19:45:30.084Z2018-03-07T19:45:29.962Z11496797UTM latitudinal grid zoneTfalsetruefalse19N","18.174044","-66.797688","553.333","19732959.2536940862010838.21473632N","D04","GUIL","2018-02-26T23:59:59.999Z"
"23",NA,"2016-03-01T00:00:00.000Z","0.00.00.00.0101.00.0Gauge42.473241-72.33093212.57668318719407.76971514705773.92964269N2017-08-14T14:23:51.548Z2010-01-01T00:00:00.000Z10895322UTM latitudinal grid zoneTfalsetruefalse18N2017-08-14T14:23:51.548Z2010-01-01T00:00:00.000Z10895317State or province where data was collectedTfalsefalsefalseMA2017-08-14T14:23:51.549Z2010-01-01T00:00:00.000Z10895319Country of collectionTfalsefalsefalseUSA2017-08-14T14:23:51.549Z2010-01-01T00:00:00.000Z10895318County where data was collectedTfalsefalsefalseFranklin2017-09-14T21:13:41.145Z2010-01-01T00:00:00.000Z11301806The estimate of the range of variation, in meters, around provided value for elevation with repeated measurements.Nfalsefalsefalse0.012017-08-14T14:23:51.548Z2010-01-01T00:00:00.000Z10895321The method used to collect or create spatial informationTfalsefalsefalseAIS survey2017-08-14T14:23:51.548Z2010-01-01T00:00:00.000Z10895320Model used to measure horizontal position on the earthTfalsefalsefalseWGS842017-10-27T18:14:01.324Z2010-01-01T00:00:00.000Z11301807The horizontal distance (in meters) from the given decimalLatitude and decimalLongitude describing the smallest circle containing the whole of the LocationNfalsefalsefalse0.05","0.0","0.0","0.0","0.0","101.0","0.0","","","Gauge","42.473241-72.33093212.57668318719407.76971514705773.92964269N","2017-08-14T14:23:51.548Z2010-01-01T00:00:00.000Z10895322UTM latitudinal grid zoneTfalsetruefalse18N2017-08-14T14:23:51.548Z2010-01-01T00:00:00.000Z10895317State or province where data was collectedTfalsefalsefalseMA2017-08-14T14:23:51.549Z2010-01-01T00:00:00.000Z10895319Country of collectionTfalsefalsefalseUSA2017-08-14T14:23:51.549Z2010-01-01T00:00:00.000Z10895318County where data was collectedTfalsefalsefalseFranklin2017-09-14T21:13:41.145Z2010-01-01T00:00:00.000Z11301806The estimate of the range of variation, in meters, around provided value for elevation with repeated measurements.Nfalsefalsefalse0.012017-08-14T14:23:51.548Z2010-01-01T00:00:00.000Z10895321The method used to collect or create spatial informationTfalsefalsefalseAIS survey2017-08-14T14:23:51.548Z2010-01-01T00:00:00.000Z10895320Model used to measure horizontal position on the earthTfalsefalsefalseWGS842017-10-27T18:14:01.324Z2010-01-01T00:00:00.000Z11301807The horizontal distance (in meters) from the given decimalLatitude and decimalLongitude describing the smallest circle containing the whole of the LocationNfalsefalsefalse0.05","42.473241","-72.33093","212.576683","18719407.76971514705773.92964269N","D01","HOPB","2017-06-07T23:59:59.999Z"
"24",NA,"2016-05-10T00:00:00.000Z","0.00.00.00.0101.00.0Gauge39.104842-96.602601325.5314707300.766868544331147.5247778N2018-03-27T18:43:50.755Z2018-03-27T18:43:50.716Z11502134State or province where data was collectedTfalsefalsefalseKS2018-03-27T18:43:50.755Z2018-03-27T18:43:50.716Z11502139The method used to collect or create spatial informationTfalsefalsefalseAIS_SURVEY2018-03-27T18:43:50.761Z2018-03-27T18:43:50.716Z11502135County where data was collectedTfalsefalsefalseRiley2018-03-27T18:43:50.760Z2018-03-27T18:43:50.716Z11502140Model used to measure horizontal position on the earthTfalsefalsefalseWGS842018-03-27T18:43:50.761Z2018-03-27T18:43:50.716Z11502137The estimate of the range of variation, in meters, around provided value for elevation with repeated measurements.Nfalsefalsefalse102018-03-27T18:43:50.761Z2018-03-27T18:43:50.716Z11502138The horizontal distance (in meters) from the given decimalLatitude and decimalLongitude describing the smallest circle containing the whole of the LocationNfalsefalsefalse202018-03-27T18:43:50.761Z2018-03-27T18:43:50.716Z11502136UTM latitudinal grid zoneTfalsetruefalse14N2018-03-27T18:43:50.755Z2018-03-27T18:43:50.716Z11502133Country of collectionTfalsefalsefalseUSA","0.0","0.0","0.0","0.0","101.0","0.0","","","Gauge","39.104842-96.602601325.5314707300.766868544331147.5247778N","2018-03-27T18:43:50.755Z2018-03-27T18:43:50.716Z11502134State or province where data was collectedTfalsefalsefalseKS2018-03-27T18:43:50.755Z2018-03-27T18:43:50.716Z11502139The method used to collect or create spatial informationTfalsefalsefalseAIS_SURVEY2018-03-27T18:43:50.761Z2018-03-27T18:43:50.716Z11502135County where data was collectedTfalsefalsefalseRiley2018-03-27T18:43:50.760Z2018-03-27T18:43:50.716Z11502140Model used to measure horizontal position on the earthTfalsefalsefalseWGS842018-03-27T18:43:50.761Z2018-03-27T18:43:50.716Z11502137The estimate of the range of variation, in meters, around provided value for elevation with repeated measurements.Nfalsefalsefalse102018-03-27T18:43:50.761Z2018-03-27T18:43:50.716Z11502138The horizontal distance (in meters) from the given decimalLatitude and decimalLongitude describing the smallest circle containing the whole of the LocationNfalsefalsefalse202018-03-27T18:43:50.761Z2018-03-27T18:43:50.716Z11502136UTM latitudinal grid zoneTfalsetruefalse14N2018-03-27T18:43:50.755Z2018-03-27T18:43:50.716Z11502133Country of collectionTfalsefalsefalseUSA","39.104842","-96.602601","325.53","14707300.766868544331147.5247778N","D06","KING","2016-07-19T23:59:59.999Z"
"25",NA,"2016-05-12T00:00:00.000Z","0.00.00.00.0101.00.0Gauge38.947279-96.443882372.52914721518.4748526464314033.35613352N2018-03-27T19:28:22.947Z2018-03-27T19:28:22.928Z11502371State or province where data was collectedTfalsefalsefalseKS2018-03-27T19:28:22.948Z2018-03-27T19:28:22.928Z11502370Country of collectionTfalsefalsefalseUSA2018-03-27T19:28:22.947Z2018-03-27T19:28:22.928Z11502372County where data was collectedTfalsefalsefalseWabaunsee2018-03-27T19:28:22.947Z2018-03-27T19:28:22.928Z11502375UTM latitudinal grid zoneTfalsetruefalse14N2018-03-27T19:28:22.948Z2018-03-27T19:28:22.928Z11502376The method used to collect or create spatial informationTfalsefalsefalseAIS_Survey2018-03-27T19:29:52.495Z2018-03-27T19:28:22.928Z11502373The estimate of the range of variation, in meters, around provided value for elevation with repeated measurements.Nfalsefalsefalse102018-03-27T19:28:22.948Z2018-03-27T19:28:22.928Z11502377Model used to measure horizontal position on the earthTfalsefalsefalseWGS842018-03-27T19:29:52.495Z2018-03-27T19:28:22.928Z11502374The horizontal distance (in meters) from the given decimalLatitude and decimalLongitude describing the smallest circle containing the whole of the LocationNfalsefalsefalse20","0.0","0.0","0.0","0.0","101.0","0.0","","","Gauge","38.947279-96.443882372.52914721518.4748526464314033.35613352N","2018-03-27T19:28:22.947Z2018-03-27T19:28:22.928Z11502371State or province where data was collectedTfalsefalsefalseKS2018-03-27T19:28:22.948Z2018-03-27T19:28:22.928Z11502370Country of collectionTfalsefalsefalseUSA2018-03-27T19:28:22.947Z2018-03-27T19:28:22.928Z11502372County where data was collectedTfalsefalsefalseWabaunsee2018-03-27T19:28:22.947Z2018-03-27T19:28:22.928Z11502375UTM latitudinal grid zoneTfalsetruefalse14N2018-03-27T19:28:22.948Z2018-03-27T19:28:22.928Z11502376The method used to collect or create spatial informationTfalsefalsefalseAIS_Survey2018-03-27T19:29:52.495Z2018-03-27T19:28:22.928Z11502373The estimate of the range of variation, in meters, around provided value for elevation with repeated measurements.Nfalsefalsefalse102018-03-27T19:28:22.948Z2018-03-27T19:28:22.928Z11502377Model used to measure horizontal position on the earthTfalsefalsefalseWGS842018-03-27T19:29:52.495Z2018-03-27T19:28:22.928Z11502374The horizontal distance (in meters) from the given decimalLatitude and decimalLongitude describing the smallest circle containing the whole of the LocationNfalsefalsefalse20","38.947279","-96.443882","372.529","14721518.4748526464314033.35613352N","D06","MCDI","2016-12-07T23:59:59.999Z"
"26",NA,"2016-07-15T00:00:00.000Z","0.00.00.01.0102.0-0.02West St Louis Creek Staff Gauge39.890683-105.9113052900.79813422086.7855444174416021.60907561N2018-03-27T20:41:43.370Z2018-03-27T20:41:43.352Z11502443State or province where data was collectedTfalsefalsefalseCO2018-03-27T20:41:43.370Z2018-03-27T20:41:43.352Z11502444County where data was collectedTfalsefalsefalseGrand2018-03-27T20:41:43.371Z2018-03-27T20:41:43.352Z11502446The horizontal distance (in meters) from the given decimalLatitude and decimalLongitude describing the smallest circle containing the whole of the LocationNfalsefalsefalse0.052018-03-27T20:41:43.370Z2018-03-27T20:41:43.352Z11502445UTM latitudinal grid zoneTfalsetruefalse13N2018-03-27T20:41:43.371Z2018-03-27T20:41:43.352Z11502449The method used to collect or create spatial informationTfalsefalsefalseAIS Survey2018-03-27T20:41:43.370Z2018-03-27T20:41:43.352Z11502448Model used to measure horizontal position on the earthTfalsefalsefalseWGS842018-03-27T20:41:43.370Z2018-03-27T20:41:43.352Z11502447The estimate of the range of variation, in meters, around provided value for elevation with repeated measurements.Nfalsefalsefalse0.012018-03-27T20:41:43.370Z2018-03-27T20:41:43.352Z11502442Country of collectionTfalsefalsefalseUSA","0.0","0.0","0.0","1.0","102.0","-0.02","","","West St Louis Creek Staff Gauge","39.890683-105.9113052900.79813422086.7855444174416021.60907561N","2018-03-27T20:41:43.370Z2018-03-27T20:41:43.352Z11502443State or province where data was collectedTfalsefalsefalseCO2018-03-27T20:41:43.370Z2018-03-27T20:41:43.352Z11502444County where data was collectedTfalsefalsefalseGrand2018-03-27T20:41:43.371Z2018-03-27T20:41:43.352Z11502446The horizontal distance (in meters) from the given decimalLatitude and decimalLongitude describing the smallest circle containing the whole of the LocationNfalsefalsefalse0.052018-03-27T20:41:43.370Z2018-03-27T20:41:43.352Z11502445UTM latitudinal grid zoneTfalsetruefalse13N2018-03-27T20:41:43.371Z2018-03-27T20:41:43.352Z11502449The method used to collect or create spatial informationTfalsefalsefalseAIS Survey2018-03-27T20:41:43.370Z2018-03-27T20:41:43.352Z11502448Model used to measure horizontal position on the earthTfalsefalsefalseWGS842018-03-27T20:41:43.370Z2018-03-27T20:41:43.352Z11502447The estimate of the range of variation, in meters, around provided value for elevation with repeated measurements.Nfalsefalsefalse0.012018-03-27T20:41:43.370Z2018-03-27T20:41:43.352Z11502442Country of collectionTfalsefalsefalseUSA","39.890683","-105.911305","2900.798","13422086.7855444174416021.60907561N","D13","WLOU",NA
"27",NA,"2016-07-20T00:00:00.000Z","0.00.00.00.0101.00.0Gauge39.104842-96.602601325.5314707300.766868544331147.5247778N2018-03-27T18:44:44.580Z2018-03-27T18:44:44.561Z11502141Country of collectionTfalsefalsefalseUSA2018-03-27T18:44:44.579Z2018-03-27T18:44:44.561Z11502146The horizontal distance (in meters) from the given decimalLatitude and decimalLongitude describing the smallest circle containing the whole of the LocationNfalsefalsefalse202018-03-27T18:44:44.578Z2018-03-27T18:44:44.561Z11502144The estimate of the range of variation, in meters, around provided value for elevation with repeated measurements.Nfalsefalsefalse102018-03-27T18:44:44.579Z2018-03-27T18:44:44.561Z11502145UTM latitudinal grid zoneTfalsetruefalse14N2018-03-27T18:44:44.580Z2018-03-27T18:44:44.561Z11502143County where data was collectedTfalsefalsefalseRiley2018-03-27T18:44:44.580Z2018-03-27T18:44:44.561Z11502147Model used to measure horizontal position on the earthTfalsefalsefalseWGS842018-03-27T18:44:44.579Z2018-03-27T18:44:44.561Z11502148The method used to collect or create spatial informationTfalsefalsefalseAIS_SURVEY2018-03-27T18:44:44.579Z2018-03-27T18:44:44.561Z11502142State or province where data was collectedTfalsefalsefalseKS","0.0","0.0","0.0","0.0","101.0","0.0","","","Gauge","39.104842-96.602601325.5314707300.766868544331147.5247778N","2018-03-27T18:44:44.580Z2018-03-27T18:44:44.561Z11502141Country of collectionTfalsefalsefalseUSA2018-03-27T18:44:44.579Z2018-03-27T18:44:44.561Z11502146The horizontal distance (in meters) from the given decimalLatitude and decimalLongitude describing the smallest circle containing the whole of the LocationNfalsefalsefalse202018-03-27T18:44:44.578Z2018-03-27T18:44:44.561Z11502144The estimate of the range of variation, in meters, around provided value for elevation with repeated measurements.Nfalsefalsefalse102018-03-27T18:44:44.579Z2018-03-27T18:44:44.561Z11502145UTM latitudinal grid zoneTfalsetruefalse14N2018-03-27T18:44:44.580Z2018-03-27T18:44:44.561Z11502143County where data was collectedTfalsefalsefalseRiley2018-03-27T18:44:44.580Z2018-03-27T18:44:44.561Z11502147Model used to measure horizontal position on the earthTfalsefalsefalseWGS842018-03-27T18:44:44.579Z2018-03-27T18:44:44.561Z11502148The method used to collect or create spatial informationTfalsefalsefalseAIS_SURVEY2018-03-27T18:44:44.579Z2018-03-27T18:44:44.561Z11502142State or province where data was collectedTfalsefalsefalseKS","39.104842","-96.602601","325.53","14707300.766868544331147.5247778N","D06","KING",NA
"28",NA,"2016-11-01T00:00:00.000Z","0.00.00.00.0102.00.0Walker Branch Staff Gauge35.9572346-84.2792133262.4416745379.2359407493982627.65181722N2018-03-27T19:45:44.951Z2018-03-27T19:45:44.929Z11502400The method used to collect or create spatial informationTfalsefalsefalseAIS Survey2018-03-27T19:45:44.950Z2018-03-27T19:45:44.929Z11502399The estimate of the range of variation, in meters, around provided value for elevation with repeated measurements.Nfalsefalsefalse102018-03-27T19:45:44.951Z2018-03-27T19:45:44.929Z11502401Model used to measure horizontal position on the earthTfalsefalsefalseWGS842018-03-27T19:45:44.951Z2018-03-27T19:45:44.929Z11502395State or province where data was collectedTfalsefalsefalseTN2018-03-27T19:45:44.951Z2018-03-27T19:45:44.929Z11502396County where data was collectedTfalsefalsefalseAnderson2018-03-27T19:45:44.950Z2018-03-27T19:45:44.929Z11502397The horizontal distance (in meters) from the given decimalLatitude and decimalLongitude describing the smallest circle containing the whole of the LocationNfalsefalsefalse202018-03-27T19:45:44.951Z2018-03-27T19:45:44.929Z11502394Country of collectionTfalsefalsefalseUSA2018-03-27T19:45:44.951Z2018-03-27T19:45:44.929Z11502398UTM latitudinal grid zoneTfalsetruefalse16N","0.0","0.0","0.0","0.0","102.0","0.0","","","Walker Branch Staff Gauge","35.9572346-84.2792133262.4416745379.2359407493982627.65181722N","2018-03-27T19:45:44.951Z2018-03-27T19:45:44.929Z11502400The method used to collect or create spatial informationTfalsefalsefalseAIS Survey2018-03-27T19:45:44.950Z2018-03-27T19:45:44.929Z11502399The estimate of the range of variation, in meters, around provided value for elevation with repeated measurements.Nfalsefalsefalse102018-03-27T19:45:44.951Z2018-03-27T19:45:44.929Z11502401Model used to measure horizontal position on the earthTfalsefalsefalseWGS842018-03-27T19:45:44.951Z2018-03-27T19:45:44.929Z11502395State or province where data was collectedTfalsefalsefalseTN2018-03-27T19:45:44.951Z2018-03-27T19:45:44.929Z11502396County where data was collectedTfalsefalsefalseAnderson2018-03-27T19:45:44.950Z2018-03-27T19:45:44.929Z11502397The horizontal distance (in meters) from the given decimalLatitude and decimalLongitude describing the smallest circle containing the whole of the LocationNfalsefalsefalse202018-03-27T19:45:44.951Z2018-03-27T19:45:44.929Z11502394Country of collectionTfalsefalsefalseUSA2018-03-27T19:45:44.951Z2018-03-27T19:45:44.929Z11502398UTM latitudinal grid zoneTfalsetruefalse16N","35.9572346","-84.2792133","262.44","16745379.2359407493982627.65181722N","D07","WALK","2016-11-04T23:59:59.999Z"
"29",NA,"2016-11-05T00:00:00.000Z","0.00.00.00.0102.00.0Walker Branch Staff Gauge35.9572346-84.2792133262.4416745379.2359407493982627.65181722N2018-03-27T19:46:16.521Z2018-03-27T19:46:16.496Z11502403State or province where data was collectedTfalsefalsefalseTN2018-03-27T19:46:16.521Z2018-03-27T19:46:16.496Z11502408The method used to collect or create spatial informationTfalsefalsefalseAIS Survey2018-03-27T19:46:16.520Z2018-03-27T19:46:16.496Z11502404County where data was collectedTfalsefalsefalseAnderson2018-03-27T19:46:16.521Z2018-03-27T19:46:16.496Z11502406The estimate of the range of variation, in meters, around provided value for elevation with repeated measurements.Nfalsefalsefalse102018-03-27T19:46:16.521Z2018-03-27T19:46:16.496Z11502405UTM latitudinal grid zoneTfalsetruefalse16N2018-03-27T19:46:16.521Z2018-03-27T19:46:16.496Z11502407The horizontal distance (in meters) from the given decimalLatitude and decimalLongitude describing the smallest circle containing the whole of the LocationNfalsefalsefalse202018-03-27T19:46:16.521Z2018-03-27T19:46:16.496Z11502402Country of collectionTfalsefalsefalseUSA2018-03-27T19:46:16.520Z2018-03-27T19:46:16.496Z11502409Model used to measure horizontal position on the earthTfalsefalsefalseWGS84","0.0","0.0","0.0","0.0","102.0","0.0","","","Walker Branch Staff Gauge","35.9572346-84.2792133262.4416745379.2359407493982627.65181722N","2018-03-27T19:46:16.521Z2018-03-27T19:46:16.496Z11502403State or province where data was collectedTfalsefalsefalseTN2018-03-27T19:46:16.521Z2018-03-27T19:46:16.496Z11502408The method used to collect or create spatial informationTfalsefalsefalseAIS Survey2018-03-27T19:46:16.520Z2018-03-27T19:46:16.496Z11502404County where data was collectedTfalsefalsefalseAnderson2018-03-27T19:46:16.521Z2018-03-27T19:46:16.496Z11502406The estimate of the range of variation, in meters, around provided value for elevation with repeated measurements.Nfalsefalsefalse102018-03-27T19:46:16.521Z2018-03-27T19:46:16.496Z11502405UTM latitudinal grid zoneTfalsetruefalse16N2018-03-27T19:46:16.521Z2018-03-27T19:46:16.496Z11502407The horizontal distance (in meters) from the given decimalLatitude and decimalLongitude describing the smallest circle containing the whole of the LocationNfalsefalsefalse202018-03-27T19:46:16.521Z2018-03-27T19:46:16.496Z11502402Country of collectionTfalsefalsefalseUSA2018-03-27T19:46:16.520Z2018-03-27T19:46:16.496Z11502409Model used to measure horizontal position on the earthTfalsefalsefalseWGS84","35.9572346","-84.2792133","262.44","16745379.2359407493982627.65181722N","D07","WALK","2016-11-28T23:59:59.999Z"
"30",NA,"2016-11-29T00:00:00.000Z","0.00.00.00.0102.00.0Walker Branch Staff Gauge35.9572346-84.2792133262.4416745379.2359407493982627.65181722N2018-03-27T19:48:11.592Z2018-03-27T19:48:11.571Z11502412County where data was collectedTfalsefalsefalseAnderson2018-03-27T19:48:11.593Z2018-03-27T19:48:11.571Z11502410Country of collectionTfalsefalsefalseUSA2018-03-27T19:50:33.026Z2018-03-27T19:48:11.571Z11502413The estimate of the range of variation, in meters, around provided value for elevation with repeated measurements.Nfalsefalsefalse0.012018-03-27T19:50:33.026Z2018-03-27T19:48:11.571Z11502415The horizontal distance (in meters) from the given decimalLatitude and decimalLongitude describing the smallest circle containing the whole of the LocationNfalsefalsefalse0.052018-03-27T19:48:11.593Z2018-03-27T19:48:11.571Z11502417Model used to measure horizontal position on the earthTfalsefalsefalseWGS842018-03-27T19:48:11.592Z2018-03-27T19:48:11.571Z11502414UTM latitudinal grid zoneTfalsetruefalse16N2018-03-27T19:48:11.593Z2018-03-27T19:48:11.571Z11502411State or province where data was collectedTfalsefalsefalseTN2018-03-27T19:48:11.592Z2018-03-27T19:48:11.571Z11502416The method used to collect or create spatial informationTfalsefalsefalseAIS Survey","0.0","0.0","0.0","0.0","102.0","0.0","","","Walker Branch Staff Gauge","35.9572346-84.2792133262.4416745379.2359407493982627.65181722N","2018-03-27T19:48:11.592Z2018-03-27T19:48:11.571Z11502412County where data was collectedTfalsefalsefalseAnderson2018-03-27T19:48:11.593Z2018-03-27T19:48:11.571Z11502410Country of collectionTfalsefalsefalseUSA2018-03-27T19:50:33.026Z2018-03-27T19:48:11.571Z11502413The estimate of the range of variation, in meters, around provided value for elevation with repeated measurements.Nfalsefalsefalse0.012018-03-27T19:50:33.026Z2018-03-27T19:48:11.571Z11502415The horizontal distance (in meters) from the given decimalLatitude and decimalLongitude describing the smallest circle containing the whole of the LocationNfalsefalsefalse0.052018-03-27T19:48:11.593Z2018-03-27T19:48:11.571Z11502417Model used to measure horizontal position on the earthTfalsefalsefalseWGS842018-03-27T19:48:11.592Z2018-03-27T19:48:11.571Z11502414UTM latitudinal grid zoneTfalsetruefalse16N2018-03-27T19:48:11.593Z2018-03-27T19:48:11.571Z11502411State or province where data was collectedTfalsefalsefalseTN2018-03-27T19:48:11.592Z2018-03-27T19:48:11.571Z11502416The method used to collect or create spatial informationTfalsefalsefalseAIS Survey","35.9572346","-84.2792133","262.44","16745379.2359407493982627.65181722N","D07","WALK","2017-06-28T23:59:59.999Z"
"31",NA,"2016-12-08T00:00:00.000Z","0.00.00.00.0101.00.0Gauge38.947279-96.443882372.52914721518.4748526464314033.35613352N2018-03-27T19:29:53.099Z2018-03-27T19:29:52.957Z11502378Country of collectionTfalsefalsefalseUSA2018-03-27T19:29:53.095Z2018-03-27T19:29:52.957Z11502379State or province where data was collectedTfalsefalsefalseKS2018-03-27T19:29:53.101Z2018-03-27T19:29:52.957Z11502383The estimate of the range of variation, in meters, around provided value for elevation with repeated measurements.Nfalsefalsefalse102018-03-27T19:29:53.101Z2018-03-27T19:29:52.957Z11502385Model used to measure horizontal position on the earthTfalsefalsefalseWGS842018-03-27T19:29:53.096Z2018-03-27T19:29:52.957Z11502380County where data was collectedTfalsefalsefalseWabaunsee2018-03-27T19:29:53.095Z2018-03-27T19:29:52.957Z11502382UTM latitudinal grid zoneTfalsetruefalse14N2018-03-27T19:29:53.101Z2018-03-27T19:29:52.957Z11502384The method used to collect or create spatial informationTfalsefalsefalseAIS_Survey2018-03-27T19:29:53.096Z2018-03-27T19:29:52.957Z11502381The horizontal distance (in meters) from the given decimalLatitude and decimalLongitude describing the smallest circle containing the whole of the LocationNfalsefalsefalse20","0.0","0.0","0.0","0.0","101.0","0.0","","","Gauge","38.947279-96.443882372.52914721518.4748526464314033.35613352N","2018-03-27T19:29:53.099Z2018-03-27T19:29:52.957Z11502378Country of collectionTfalsefalsefalseUSA2018-03-27T19:29:53.095Z2018-03-27T19:29:52.957Z11502379State or province where data was collectedTfalsefalsefalseKS2018-03-27T19:29:53.101Z2018-03-27T19:29:52.957Z11502383The estimate of the range of variation, in meters, around provided value for elevation with repeated measurements.Nfalsefalsefalse102018-03-27T19:29:53.101Z2018-03-27T19:29:52.957Z11502385Model used to measure horizontal position on the earthTfalsefalsefalseWGS842018-03-27T19:29:53.096Z2018-03-27T19:29:52.957Z11502380County where data was collectedTfalsefalsefalseWabaunsee2018-03-27T19:29:53.095Z2018-03-27T19:29:52.957Z11502382UTM latitudinal grid zoneTfalsetruefalse14N2018-03-27T19:29:53.101Z2018-03-27T19:29:52.957Z11502384The method used to collect or create spatial informationTfalsefalsefalseAIS_Survey2018-03-27T19:29:53.096Z2018-03-27T19:29:52.957Z11502381The horizontal distance (in meters) from the given decimalLatitude and decimalLongitude describing the smallest circle containing the whole of the LocationNfalsefalsefalse20","38.947279","-96.443882","372.529","14721518.4748526464314033.35613352N","D06","MCDI","2017-11-07T23:59:59.999Z"
"32",NA,"2017-06-08T00:00:00.000Z","0.00.00.01.0101.00.038Gauge42.473241-72.33093212.57668318719407.76971514705773.92964269N2018-03-07T19:20:06.398Z2018-03-07T19:20:06.321Z11496789The horizontal distance (in meters) from the given decimalLatitude and decimalLongitude describing the smallest circle containing the whole of the LocationNfalsefalsefalse0.052018-03-07T19:20:06.398Z2018-03-07T19:20:06.321Z11496791Model used to measure horizontal position on the earthTfalsefalsefalseWGS842018-03-07T19:20:06.398Z2018-03-07T19:20:06.321Z11496787The estimate of the range of variation, in meters, around provided value for elevation with repeated measurements.Nfalsefalsefalse0.012018-03-07T19:20:06.398Z2018-03-07T19:20:06.321Z11496790The method used to collect or create spatial informationTfalsefalsefalseAIS survey2018-03-07T19:20:06.399Z2018-03-07T19:20:06.321Z11496786County where data was collectedTfalsefalsefalseFranklin2018-03-07T19:20:06.398Z2018-03-07T19:20:06.321Z11496785State or province where data was collectedTfalsefalsefalseMA2018-03-07T19:20:06.398Z2018-03-07T19:20:06.321Z11496788UTM latitudinal grid zoneTfalsetruefalse18N2018-03-07T19:20:06.398Z2018-03-07T19:20:06.321Z11496784Country of collectionTfalsefalsefalseUSA","0.0","0.0","0.0","1.0","101.0","0.038","","","Gauge","42.473241-72.33093212.57668318719407.76971514705773.92964269N","2018-03-07T19:20:06.398Z2018-03-07T19:20:06.321Z11496789The horizontal distance (in meters) from the given decimalLatitude and decimalLongitude describing the smallest circle containing the whole of the LocationNfalsefalsefalse0.052018-03-07T19:20:06.398Z2018-03-07T19:20:06.321Z11496791Model used to measure horizontal position on the earthTfalsefalsefalseWGS842018-03-07T19:20:06.398Z2018-03-07T19:20:06.321Z11496787The estimate of the range of variation, in meters, around provided value for elevation with repeated measurements.Nfalsefalsefalse0.012018-03-07T19:20:06.398Z2018-03-07T19:20:06.321Z11496790The method used to collect or create spatial informationTfalsefalsefalseAIS survey2018-03-07T19:20:06.399Z2018-03-07T19:20:06.321Z11496786County where data was collectedTfalsefalsefalseFranklin2018-03-07T19:20:06.398Z2018-03-07T19:20:06.321Z11496785State or province where data was collectedTfalsefalsefalseMA2018-03-07T19:20:06.398Z2018-03-07T19:20:06.321Z11496788UTM latitudinal grid zoneTfalsetruefalse18N2018-03-07T19:20:06.398Z2018-03-07T19:20:06.321Z11496784Country of collectionTfalsefalsefalseUSA","42.473241","-72.33093","212.576683","18719407.76971514705773.92964269N","D01","HOPB",NA
"33",NA,"2017-06-29T00:00:00.000Z","0.00.00.01.0102.0-0.111Walker Branch Staff Gauge35.9572346-84.2792133262.4416745379.2359407493982627.65181722N2018-03-27T19:49:46.284Z2018-03-27T19:49:46.255Z11502418Country of collectionTfalsefalsefalseUSA2018-03-27T19:49:46.284Z2018-03-27T19:49:46.255Z11502423The estimate of the range of variation, in meters, around provided value for elevation with repeated measurements.Nfalsefalsefalse0.012018-03-27T19:49:46.285Z2018-03-27T19:49:46.255Z11502424The method used to collect or create spatial informationTfalsefalsefalseAIS Survey2018-03-27T19:49:46.285Z2018-03-27T19:49:46.255Z11502425Model used to measure horizontal position on the earthTfalsefalsefalseWGS842018-03-27T19:49:46.284Z2018-03-27T19:49:46.255Z11502419State or province where data was collectedTfalsefalsefalseTN2018-03-27T19:49:46.285Z2018-03-27T19:49:46.255Z11502422UTM latitudinal grid zoneTfalsetruefalse16N2018-03-27T19:49:46.284Z2018-03-27T19:49:46.255Z11502420County where data was collectedTfalsefalsefalseAnderson2018-03-27T19:49:46.284Z2018-03-27T19:49:46.255Z11502421The horizontal distance (in meters) from the given decimalLatitude and decimalLongitude describing the smallest circle containing the whole of the LocationNfalsefalsefalse0.05","0.0","0.0","0.0","1.0","102.0","-0.111","","","Walker Branch Staff Gauge","35.9572346-84.2792133262.4416745379.2359407493982627.65181722N","2018-03-27T19:49:46.284Z2018-03-27T19:49:46.255Z11502418Country of collectionTfalsefalsefalseUSA2018-03-27T19:49:46.284Z2018-03-27T19:49:46.255Z11502423The estimate of the range of variation, in meters, around provided value for elevation with repeated measurements.Nfalsefalsefalse0.012018-03-27T19:49:46.285Z2018-03-27T19:49:46.255Z11502424The method used to collect or create spatial informationTfalsefalsefalseAIS Survey2018-03-27T19:49:46.285Z2018-03-27T19:49:46.255Z11502425Model used to measure horizontal position on the earthTfalsefalsefalseWGS842018-03-27T19:49:46.284Z2018-03-27T19:49:46.255Z11502419State or province where data was collectedTfalsefalsefalseTN2018-03-27T19:49:46.285Z2018-03-27T19:49:46.255Z11502422UTM latitudinal grid zoneTfalsetruefalse16N2018-03-27T19:49:46.284Z2018-03-27T19:49:46.255Z11502420County where data was collectedTfalsefalsefalseAnderson2018-03-27T19:49:46.284Z2018-03-27T19:49:46.255Z11502421The horizontal distance (in meters) from the given decimalLatitude and decimalLongitude describing the smallest circle containing the whole of the LocationNfalsefalsefalse0.05","35.9572346","-84.2792133","262.44","16745379.2359407493982627.65181722N","D07","WALK",NA
"34",NA,"2017-08-22T00:00:00.000Z","0.00.00.00.0101.00.0Gauge65.153056-147.502016223.9736476462.3365714857225606.11792886N2018-03-27T21:21:06.131Z2018-03-27T21:21:06.110Z11502460County where data was collectedTfalsefalsefalseFairbanks North Star2018-03-27T21:21:06.130Z2018-03-27T21:21:06.110Z11502462The horizontal distance (in meters) from the given decimalLatitude and decimalLongitude describing the smallest circle containing the whole of the LocationNfalsefalsefalse102018-03-27T21:21:06.131Z2018-03-27T21:21:06.110Z11502464The method used to collect or create spatial informationTfalsefalsefalseGeomorph Survey2018-03-27T21:21:06.131Z2018-03-27T21:21:06.110Z11502463UTM latitudinal grid zoneTfalsetruefalse6N2018-03-27T21:21:06.132Z2018-03-27T21:21:06.110Z11502459State or province where data was collectedTfalsefalsefalseAK2018-03-27T21:21:06.131Z2018-03-27T21:21:06.110Z11502458Country of collectionTfalsefalsefalseUSA2018-03-27T21:21:06.132Z2018-03-27T21:21:06.110Z11502465Model used to measure horizontal position on the earthTfalsefalsefalseWGS842018-03-27T21:21:06.131Z2018-03-27T21:21:06.110Z11502461The estimate of the range of variation, in meters, around provided value for elevation with repeated measurements.Nfalsefalsefalse10","0.0","0.0","0.0","0.0","101.0","0.0","","","Gauge","65.153056-147.502016223.9736476462.3365714857225606.11792886N","2018-03-27T21:21:06.131Z2018-03-27T21:21:06.110Z11502460County where data was collectedTfalsefalsefalseFairbanks North Star2018-03-27T21:21:06.130Z2018-03-27T21:21:06.110Z11502462The horizontal distance (in meters) from the given decimalLatitude and decimalLongitude describing the smallest circle containing the whole of the LocationNfalsefalsefalse102018-03-27T21:21:06.131Z2018-03-27T21:21:06.110Z11502464The method used to collect or create spatial informationTfalsefalsefalseGeomorph Survey2018-03-27T21:21:06.131Z2018-03-27T21:21:06.110Z11502463UTM latitudinal grid zoneTfalsetruefalse6N2018-03-27T21:21:06.132Z2018-03-27T21:21:06.110Z11502459State or province where data was collectedTfalsefalsefalseAK2018-03-27T21:21:06.131Z2018-03-27T21:21:06.110Z11502458Country of collectionTfalsefalsefalseUSA2018-03-27T21:21:06.132Z2018-03-27T21:21:06.110Z11502465Model used to measure horizontal position on the earthTfalsefalsefalseWGS842018-03-27T21:21:06.131Z2018-03-27T21:21:06.110Z11502461The estimate of the range of variation, in meters, around provided value for elevation with repeated measurements.Nfalsefalsefalse10","65.153056","-147.502016","223.973","6476462.3365714857225606.11792886N","D19","CARI",NA
"35",NA,"2017-10-14T00:00:00.000Z","0.00.00.00.0101.00.0Sycamore Creek Staff Gauge33.751686-111.508583644.13912452897.0040981023734740.12063112N2018-03-27T21:02:09.977Z2018-03-27T21:02:09.957Z11502451State or province where data was collectedTfalsefalsefalseAZ2018-03-27T21:02:09.976Z2018-03-27T21:02:09.957Z11502454UTM latitudinal grid zoneTfalsetruefalse12N2018-03-27T21:02:09.977Z2018-03-27T21:02:09.957Z11502452County where data was collectedTfalsefalsefalseMaricopa2018-03-27T21:02:09.976Z2018-03-27T21:02:09.957Z11502456The method used to collect or create spatial informationTfalsefalsefalseAIS Survey2018-03-27T21:02:09.976Z2018-03-27T21:02:09.957Z11502450Country of collectionTfalsefalsefalseUSA2018-03-27T21:02:09.977Z2018-03-27T21:02:09.957Z11502457Model used to measure horizontal position on the earthTfalsefalsefalseWGS842018-03-27T21:02:09.977Z2018-03-27T21:02:09.957Z11502453The horizontal distance (in meters) from the given decimalLatitude and decimalLongitude describing the smallest circle containing the whole of the LocationNfalsefalsefalse0.052018-03-27T21:02:09.976Z2018-03-27T21:02:09.957Z11502455The estimate of the range of variation, in meters, around provided value for elevation with repeated measurements.Nfalsefalsefalse0.01","0.0","0.0","0.0","0.0","101.0","0.0","","","Sycamore Creek Staff Gauge","33.751686-111.508583644.13912452897.0040981023734740.12063112N","2018-03-27T21:02:09.977Z2018-03-27T21:02:09.957Z11502451State or province where data was collectedTfalsefalsefalseAZ2018-03-27T21:02:09.976Z2018-03-27T21:02:09.957Z11502454UTM latitudinal grid zoneTfalsetruefalse12N2018-03-27T21:02:09.977Z2018-03-27T21:02:09.957Z11502452County where data was collectedTfalsefalsefalseMaricopa2018-03-27T21:02:09.976Z2018-03-27T21:02:09.957Z11502456The method used to collect or create spatial informationTfalsefalsefalseAIS Survey2018-03-27T21:02:09.976Z2018-03-27T21:02:09.957Z11502450Country of collectionTfalsefalsefalseUSA2018-03-27T21:02:09.977Z2018-03-27T21:02:09.957Z11502457Model used to measure horizontal position on the earthTfalsefalsefalseWGS842018-03-27T21:02:09.977Z2018-03-27T21:02:09.957Z11502453The horizontal distance (in meters) from the given decimalLatitude and decimalLongitude describing the smallest circle containing the whole of the LocationNfalsefalsefalse0.052018-03-27T21:02:09.976Z2018-03-27T21:02:09.957Z11502455The estimate of the range of variation, in meters, around provided value for elevation with repeated measurements.Nfalsefalsefalse0.01","33.751686","-111.508583","644.139","12452897.0040981023734740.12063112N","D14","SYCA",NA
"36",NA,"2017-11-08T00:00:00.000Z","0.00.00.00.0101.00.0Gauge38.947279-96.443882372.52914721518.4748526464314033.35613352N2018-03-27T19:30:42.785Z2018-03-27T19:30:42.763Z11502387State or province where data was collectedTfalsefalsefalseKS2018-03-27T19:30:42.784Z2018-03-27T19:30:42.763Z11502391UTM latitudinal grid zoneTfalsetruefalse14N2018-03-27T19:30:42.784Z2018-03-27T19:30:42.763Z11502392Model used to measure horizontal position on the earthTfalsefalsefalseWGS842018-03-27T19:30:42.785Z2018-03-27T19:30:42.763Z11502386Country of collectionTfalsefalsefalseUSA2018-03-27T19:30:42.785Z2018-03-27T19:30:42.763Z11502389The horizontal distance (in meters) from the given decimalLatitude and decimalLongitude describing the smallest circle containing the whole of the LocationNfalsefalsefalse202018-03-27T19:30:42.785Z2018-03-27T19:30:42.763Z11502393The method used to collect or create spatial informationTfalsefalsefalseAIS_Survey2018-03-27T19:30:42.785Z2018-03-27T19:30:42.763Z11502390The estimate of the range of variation, in meters, around provided value for elevation with repeated measurements.Nfalsefalsefalse102018-03-27T19:30:42.785Z2018-03-27T19:30:42.763Z11502388County where data was collectedTfalsefalsefalseWabaunsee","0.0","0.0","0.0","0.0","101.0","0.0","","","Gauge","38.947279-96.443882372.52914721518.4748526464314033.35613352N","2018-03-27T19:30:42.785Z2018-03-27T19:30:42.763Z11502387State or province where data was collectedTfalsefalsefalseKS2018-03-27T19:30:42.784Z2018-03-27T19:30:42.763Z11502391UTM latitudinal grid zoneTfalsetruefalse14N2018-03-27T19:30:42.784Z2018-03-27T19:30:42.763Z11502392Model used to measure horizontal position on the earthTfalsefalsefalseWGS842018-03-27T19:30:42.785Z2018-03-27T19:30:42.763Z11502386Country of collectionTfalsefalsefalseUSA2018-03-27T19:30:42.785Z2018-03-27T19:30:42.763Z11502389The horizontal distance (in meters) from the given decimalLatitude and decimalLongitude describing the smallest circle containing the whole of the LocationNfalsefalsefalse202018-03-27T19:30:42.785Z2018-03-27T19:30:42.763Z11502393The method used to collect or create spatial informationTfalsefalsefalseAIS_Survey2018-03-27T19:30:42.785Z2018-03-27T19:30:42.763Z11502390The estimate of the range of variation, in meters, around provided value for elevation with repeated measurements.Nfalsefalsefalse102018-03-27T19:30:42.785Z2018-03-27T19:30:42.763Z11502388County where data was collectedTfalsefalsefalseWabaunsee","38.947279","-96.443882","372.529","14721518.4748526464314033.35613352N","D06","MCDI",NA
"37",NA,"2018-02-27T00:00:00.000Z","0.00.00.01.0102.00.0Gauge18.174044-66.797688553.33319732959.2536940862010838.21473632N2018-03-07T19:46:09.225Z2018-03-07T19:46:09.037Z11496803The method used to collect or create spatial informationTfalsefalsefalseAIS_Survey2018-03-07T19:46:09.230Z2018-03-07T19:46:09.037Z11496801UTM latitudinal grid zoneTfalsetruefalse19N2018-03-07T19:46:09.218Z2018-03-07T19:46:09.037Z11496802The estimate of the range of variation, in meters, around provided value for elevation with repeated measurements.Nfalsefalsefalse0.012018-03-07T19:46:09.211Z2018-03-07T19:46:09.037Z11496800The horizontal distance (in meters) from the given decimalLatitude and decimalLongitude describing the smallest circle containing the whole of the LocationNfalsefalsefalse0.01","0.0","0.0","0.0","1.0","102.0","0.0","","","Gauge","18.174044-66.797688553.33319732959.2536940862010838.21473632N","2018-03-07T19:46:09.225Z2018-03-07T19:46:09.037Z11496803The method used to collect or create spatial informationTfalsefalsefalseAIS_Survey2018-03-07T19:46:09.230Z2018-03-07T19:46:09.037Z11496801UTM latitudinal grid zoneTfalsetruefalse19N2018-03-07T19:46:09.218Z2018-03-07T19:46:09.037Z11496802The estimate of the range of variation, in meters, around provided value for elevation with repeated measurements.Nfalsefalsefalse0.012018-03-07T19:46:09.211Z2018-03-07T19:46:09.037Z11496800The horizontal distance (in meters) from the given decimalLatitude and decimalLongitude describing the smallest circle containing the whole of the LocationNfalsefalsefalse0.01","18.174044","-66.797688","553.333","19732959.2536940862010838.21473632N","D04","GUIL",NA
"38",NA,NA,NA,NA,NA,NA,NA,NA,NA,NA,NA,NA,NA,NA,NA,NA,NA,NA,NA,NA,NA
